filename,id
normal_0.wav,0
normal_1.wav,0
normal_2.wav,0
normal_3.wav,0
normal_4.wav,0
normal_5.wav,0
normal_6.wav,0
normal_7.wav,0
normal_8.wav,0
normal_9.wav,0
normal_10.wav,0
normal_11.wav,0
normal_12.wav,0
normal_13.wav,0
normal_14.wav,0
normal_15.wav,0
normal_16.wav,0
normal_17.wav,0
normal_18.wav,0
normal_19.wav,0
normal_20.wav,0
normal_21.wav,0
normal_22.wav,0
normal_23.wav,0
normal_24.wav,0
normal_25.wav,0
normal_26.wav,0
normal_27.wav,0
normal_28.wav,0
normal_29.wav,0
normal_30.wav,0
normal_31.wav,0
normal_32.wav,0
normal_33.wav,0
normal_34.wav,0
normal_35.wav,0
normal_36.wav,0
normal_37.wav,0
normal_38.wav,0
normal_39.wav,0
normal_40.wav,0
normal_41.wav,0
normal_42.wav,0
normal_43.wav,0
normal_44.wav,0
normal_45.wav,0
normal_46.wav,0
normal_47.wav,0
normal_48.wav,0
normal_49.wav,0
normal_50.wav,0
normal_51.wav,0
normal_52.wav,0
normal_53.wav,0
normal_54.wav,0
normal_55.wav,0
normal_56.wav,0
normal_57.wav,0
normal_58.wav,0
normal_59.wav,0
normal_60.wav,0
normal_61.wav,0
normal_62.wav,0
normal_63.wav,0
normal_64.wav,0
normal_65.wav,0
normal_66.wav,0
normal_67.wav,0
normal_68.wav,0
normal_69.wav,0
normal_70.wav,0
normal_71.wav,0
normal_72.wav,0
normal_73.wav,0
normal_74.wav,0
normal_75.wav,0
normal_76.wav,0
normal_77.wav,0
normal_78.wav,0
normal_79.wav,0
normal_80.wav,0
normal_81.wav,0
normal_82.wav,0
normal_83.wav,0
normal_84.wav,0
normal_85.wav,0
normal_86.wav,0
normal_87.wav,0
normal_88.wav,0
normal_89.wav,0
normal_90.wav,0
normal_91.wav,0
normal_92.wav,0
normal_93.wav,0
normal_94.wav,0
normal_95.wav,0
normal_96.wav,0
normal_97.wav,0
normal_98.wav,0
normal_99.wav,0
normal_100.wav,0
normal_101.wav,0
normal_102.wav,0
normal_103.wav,0
normal_104.wav,0
normal_105.wav,0
normal_106.wav,0
normal_107.wav,0
normal_108.wav,0
normal_109.wav,0
normal_110.wav,0
normal_111.wav,0
normal_112.wav,0
normal_113.wav,0
normal_114.wav,0
normal_115.wav,0
normal_116.wav,0
normal_117.wav,0
normal_118.wav,0
normal_119.wav,0
normal_120.wav,0
normal_121.wav,0
normal_122.wav,0
normal_123.wav,0
normal_124.wav,0
normal_125.wav,0
normal_126.wav,0
normal_127.wav,0
normal_128.wav,0
normal_129.wav,0
normal_130.wav,0
normal_131.wav,0
normal_132.wav,0
normal_133.wav,0
normal_134.wav,0
normal_135.wav,0
normal_136.wav,0
normal_137.wav,0
normal_138.wav,0
normal_139.wav,0
normal_140.wav,0
normal_141.wav,0
normal_142.wav,0
normal_143.wav,0
normal_144.wav,0
normal_145.wav,0
normal_146.wav,0
normal_147.wav,0
normal_148.wav,0
normal_149.wav,0
normal_150.wav,0
normal_151.wav,0
normal_152.wav,0
normal_153.wav,0
normal_154.wav,0
normal_155.wav,0
normal_156.wav,0
normal_157.wav,0
normal_158.wav,0
normal_159.wav,0
normal_160.wav,0
normal_161.wav,0
normal_162.wav,0
normal_163.wav,0
normal_164.wav,0
normal_165.wav,0
normal_166.wav,0
normal_167.wav,0
normal_168.wav,0
normal_169.wav,0
normal_170.wav,0
normal_171.wav,0
normal_172.wav,0
normal_173.wav,0
normal_174.wav,0
normal_175.wav,0
normal_176.wav,0
normal_177.wav,0
normal_178.wav,0
normal_179.wav,0
normal_180.wav,0
normal_181.wav,0
normal_182.wav,0
normal_183.wav,0
normal_184.wav,0
normal_185.wav,0
normal_186.wav,0
normal_187.wav,0
normal_188.wav,0
normal_189.wav,0
normal_190.wav,0
normal_191.wav,0
normal_192.wav,0
normal_193.wav,0
normal_194.wav,0
normal_195.wav,0
normal_196.wav,0
normal_197.wav,0
normal_198.wav,0
normal_199.wav,0
normal_200.wav,0
normal_201.wav,0
normal_202.wav,0
normal_203.wav,0
normal_204.wav,0
normal_205.wav,0
normal_206.wav,0
normal_207.wav,0
normal_208.wav,0
normal_209.wav,0
normal_210.wav,0
normal_211.wav,0
normal_212.wav,0
normal_213.wav,0
normal_214.wav,0
normal_215.wav,0
normal_216.wav,0
normal_217.wav,0
normal_218.wav,0
normal_219.wav,0
normal_220.wav,0
normal_221.wav,0
normal_222.wav,0
normal_223.wav,0
normal_224.wav,0
normal_225.wav,0
normal_226.wav,0
normal_227.wav,0
normal_228.wav,0
normal_229.wav,0
normal_230.wav,0
normal_231.wav,0
normal_232.wav,0
normal_233.wav,0
normal_234.wav,0
normal_235.wav,0
normal_236.wav,0
normal_237.wav,0
normal_238.wav,0
normal_239.wav,0
normal_240.wav,0
normal_241.wav,0
normal_242.wav,0
normal_243.wav,0
normal_244.wav,0
normal_245.wav,0
normal_246.wav,0
normal_247.wav,0
normal_248.wav,0
normal_249.wav,0
normal_250.wav,0
normal_251.wav,0
normal_252.wav,0
normal_253.wav,0
normal_254.wav,0
normal_255.wav,0
normal_256.wav,0
normal_257.wav,0
normal_258.wav,0
normal_259.wav,0
normal_260.wav,0
normal_261.wav,0
normal_262.wav,0
normal_263.wav,0
normal_264.wav,0
normal_265.wav,0
normal_266.wav,0
normal_267.wav,0
normal_268.wav,0
normal_269.wav,0
normal_270.wav,0
normal_271.wav,0
normal_272.wav,0
normal_273.wav,0
normal_274.wav,0
normal_275.wav,0
normal_276.wav,0
normal_277.wav,0
normal_278.wav,0
normal_279.wav,0
normal_280.wav,0
normal_281.wav,0
normal_282.wav,0
normal_283.wav,0
normal_284.wav,0
normal_285.wav,0
normal_286.wav,0
normal_287.wav,0
normal_288.wav,0
normal_289.wav,0
normal_290.wav,0
normal_291.wav,0
normal_292.wav,0
normal_293.wav,0
normal_294.wav,0
normal_295.wav,0
normal_296.wav,0
normal_297.wav,0
normal_298.wav,0
normal_299.wav,0
normal_300.wav,0
normal_301.wav,0
normal_302.wav,0
normal_303.wav,0
normal_304.wav,0
normal_305.wav,0
normal_306.wav,0
normal_307.wav,0
normal_308.wav,0
normal_309.wav,0
normal_310.wav,0
normal_311.wav,0
normal_312.wav,0
normal_313.wav,0
normal_314.wav,0
normal_315.wav,0
normal_316.wav,0
normal_317.wav,0
normal_318.wav,0
normal_319.wav,0
normal_320.wav,0
normal_321.wav,0
normal_322.wav,0
normal_323.wav,0
normal_324.wav,0
normal_325.wav,0
normal_326.wav,0
normal_327.wav,0
normal_328.wav,0
normal_329.wav,0
normal_330.wav,0
normal_331.wav,0
normal_332.wav,0
normal_333.wav,0
normal_334.wav,0
normal_335.wav,0
normal_336.wav,0
normal_337.wav,0
normal_338.wav,0
normal_339.wav,0
normal_340.wav,0
normal_341.wav,0
normal_342.wav,0
normal_343.wav,0
normal_344.wav,0
normal_345.wav,0
normal_346.wav,0
normal_347.wav,0
normal_348.wav,0
normal_349.wav,0
normal_350.wav,0
normal_351.wav,0
normal_352.wav,0
normal_353.wav,0
normal_354.wav,0
normal_355.wav,0
normal_356.wav,0
normal_357.wav,0
normal_358.wav,0
normal_359.wav,0
normal_360.wav,0
normal_361.wav,0
normal_362.wav,0
normal_363.wav,0
normal_364.wav,0
normal_365.wav,0
normal_366.wav,0
normal_367.wav,0
normal_368.wav,0
normal_369.wav,0
normal_370.wav,0
normal_371.wav,0
normal_372.wav,0
normal_373.wav,0
normal_374.wav,0
normal_375.wav,0
normal_376.wav,0
normal_377.wav,0
normal_378.wav,0
normal_379.wav,0
normal_380.wav,0
normal_381.wav,0
normal_382.wav,0
normal_383.wav,0
normal_384.wav,0
normal_385.wav,0
normal_386.wav,0
normal_387.wav,0
normal_388.wav,0
normal_389.wav,0
normal_390.wav,0
normal_391.wav,0
normal_392.wav,0
normal_393.wav,0
normal_394.wav,0
normal_395.wav,0
normal_396.wav,0
normal_397.wav,0
normal_398.wav,0
normal_399.wav,0
normal_400.wav,0
normal_401.wav,0
normal_402.wav,0
normal_403.wav,0
normal_404.wav,0
normal_405.wav,0
normal_406.wav,0
normal_407.wav,0
normal_408.wav,0
normal_409.wav,0
normal_410.wav,0
normal_411.wav,0
normal_412.wav,0
normal_413.wav,0
normal_414.wav,0
normal_415.wav,0
normal_416.wav,0
normal_417.wav,0
normal_418.wav,0
normal_419.wav,0
normal_420.wav,0
normal_421.wav,0
normal_422.wav,0
normal_423.wav,0
normal_424.wav,0
normal_425.wav,0
normal_426.wav,0
normal_427.wav,0
normal_428.wav,0
normal_429.wav,0
normal_430.wav,0
normal_431.wav,0
normal_432.wav,0
normal_433.wav,0
normal_434.wav,0
normal_435.wav,0
normal_436.wav,0
normal_437.wav,0
normal_438.wav,0
normal_439.wav,0
normal_440.wav,0
normal_441.wav,0
normal_442.wav,0
normal_443.wav,0
normal_444.wav,0
normal_445.wav,0
normal_446.wav,0
normal_447.wav,0
normal_448.wav,0
normal_449.wav,0
normal_450.wav,0
normal_451.wav,0
normal_452.wav,0
normal_453.wav,0
normal_454.wav,0
normal_455.wav,0
normal_456.wav,0
normal_457.wav,0
normal_458.wav,0
normal_459.wav,0
normal_460.wav,0
normal_461.wav,0
normal_462.wav,0
normal_463.wav,0
normal_464.wav,0
normal_465.wav,0
normal_466.wav,0
normal_467.wav,0
normal_468.wav,0
normal_469.wav,0
normal_470.wav,0
normal_471.wav,0
normal_472.wav,0
normal_473.wav,0
normal_474.wav,0
normal_475.wav,0
normal_476.wav,0
normal_477.wav,0
normal_478.wav,0
normal_479.wav,0
normal_480.wav,0
normal_481.wav,0
normal_482.wav,0
normal_483.wav,0
normal_484.wav,0
normal_485.wav,0
normal_486.wav,0
normal_487.wav,0
normal_488.wav,0
normal_489.wav,0
normal_490.wav,0
normal_491.wav,0
normal_492.wav,0
normal_493.wav,0
normal_494.wav,0
normal_495.wav,0
normal_496.wav,0
normal_497.wav,0
normal_498.wav,0
normal_499.wav,0
normal_500.wav,0
normal_501.wav,0
normal_502.wav,0
normal_503.wav,0
normal_504.wav,0
normal_505.wav,0
normal_506.wav,0
normal_507.wav,0
normal_508.wav,0
normal_509.wav,0
normal_510.wav,0
normal_511.wav,0
normal_512.wav,0
normal_513.wav,0
normal_514.wav,0
normal_515.wav,0
normal_516.wav,0
normal_517.wav,0
normal_518.wav,0
normal_519.wav,0
normal_520.wav,0
normal_521.wav,0
normal_522.wav,0
normal_523.wav,0
normal_524.wav,0
normal_525.wav,0
normal_526.wav,0
normal_527.wav,0
normal_528.wav,0
normal_529.wav,0
normal_530.wav,0
normal_531.wav,0
normal_532.wav,0
normal_533.wav,0
normal_534.wav,0
normal_535.wav,0
normal_536.wav,0
normal_537.wav,0
normal_538.wav,0
normal_539.wav,0
normal_540.wav,0
normal_541.wav,0
normal_542.wav,0
normal_543.wav,0
normal_544.wav,0
normal_545.wav,0
normal_546.wav,0
normal_547.wav,0
normal_548.wav,0
normal_549.wav,0
normal_550.wav,0
normal_551.wav,0
normal_552.wav,0
normal_553.wav,0
normal_554.wav,0
normal_555.wav,0
normal_556.wav,0
normal_557.wav,0
normal_558.wav,0
normal_559.wav,0
normal_560.wav,0
normal_561.wav,0
normal_562.wav,0
normal_563.wav,0
normal_564.wav,0
normal_565.wav,0
normal_566.wav,0
normal_567.wav,0
normal_568.wav,0
normal_569.wav,0
normal_570.wav,0
normal_571.wav,0
normal_572.wav,0
normal_573.wav,0
normal_574.wav,0
normal_575.wav,0
normal_576.wav,0
normal_577.wav,0
normal_578.wav,0
normal_579.wav,0
normal_580.wav,0
normal_581.wav,0
normal_582.wav,0
normal_583.wav,0
normal_584.wav,0
normal_585.wav,0
normal_586.wav,0
normal_587.wav,0
normal_588.wav,0
normal_589.wav,0
normal_590.wav,0
normal_591.wav,0
normal_592.wav,0
normal_593.wav,0
normal_594.wav,0
normal_595.wav,0
normal_596.wav,0
normal_597.wav,0
normal_598.wav,0
normal_599.wav,0
normal_600.wav,0
normal_601.wav,0
normal_602.wav,0
normal_603.wav,0
normal_604.wav,0
normal_605.wav,0
normal_606.wav,0
normal_607.wav,0
normal_608.wav,0
normal_609.wav,0
normal_610.wav,0
normal_611.wav,0
normal_612.wav,0
normal_613.wav,0
normal_614.wav,0
normal_615.wav,0
normal_616.wav,0
normal_617.wav,0
normal_618.wav,0
normal_619.wav,0
normal_620.wav,0
normal_621.wav,0
normal_622.wav,0
normal_623.wav,0
normal_624.wav,0
normal_625.wav,0
normal_626.wav,0
normal_627.wav,0
normal_628.wav,0
normal_629.wav,0
normal_630.wav,0
normal_631.wav,0
normal_632.wav,0
normal_633.wav,0
normal_634.wav,0
normal_635.wav,0
normal_636.wav,0
normal_637.wav,0
normal_638.wav,0
normal_639.wav,0
normal_640.wav,0
normal_641.wav,0
normal_642.wav,0
normal_643.wav,0
normal_644.wav,0
normal_645.wav,0
normal_646.wav,0
normal_647.wav,0
normal_648.wav,0
normal_649.wav,0
normal_650.wav,0
normal_651.wav,0
normal_652.wav,0
normal_653.wav,0
normal_654.wav,0
normal_655.wav,0
normal_656.wav,0
normal_657.wav,0
normal_658.wav,0
normal_659.wav,0
normal_660.wav,0
normal_661.wav,0
normal_662.wav,0
normal_663.wav,0
normal_664.wav,0
normal_665.wav,0
normal_666.wav,0
normal_667.wav,0
normal_668.wav,0
normal_669.wav,0
normal_670.wav,0
normal_671.wav,0
normal_672.wav,0
normal_673.wav,0
normal_674.wav,0
normal_675.wav,0
normal_676.wav,0
normal_677.wav,0
normal_678.wav,0
normal_679.wav,0
normal_680.wav,0
normal_681.wav,0
normal_682.wav,0
normal_683.wav,0
normal_684.wav,0
normal_685.wav,0
normal_686.wav,0
normal_687.wav,0
normal_688.wav,0
normal_689.wav,0
normal_690.wav,0
normal_691.wav,0
normal_692.wav,0
normal_693.wav,0
normal_694.wav,0
normal_695.wav,0
normal_696.wav,0
normal_697.wav,0
normal_698.wav,0
normal_699.wav,0
normal_700.wav,0
normal_701.wav,0
normal_702.wav,0
normal_703.wav,0
normal_704.wav,0
normal_705.wav,0
normal_706.wav,0
normal_707.wav,0
normal_708.wav,0
normal_709.wav,0
normal_710.wav,0
normal_711.wav,0
normal_712.wav,0
normal_713.wav,0
normal_714.wav,0
normal_715.wav,0
normal_716.wav,0
normal_717.wav,0
normal_718.wav,0
normal_719.wav,0
normal_720.wav,0
normal_721.wav,0
normal_722.wav,0
normal_723.wav,0
normal_724.wav,0
normal_725.wav,0
normal_726.wav,0
normal_727.wav,0
normal_728.wav,0
normal_729.wav,0
normal_730.wav,0
normal_731.wav,0
normal_732.wav,0
normal_733.wav,0
normal_734.wav,0
normal_735.wav,0
normal_736.wav,0
normal_737.wav,0
normal_738.wav,0
normal_739.wav,0
normal_740.wav,0
normal_741.wav,0
normal_742.wav,0
normal_743.wav,0
normal_744.wav,0
normal_745.wav,0
normal_746.wav,0
normal_747.wav,0
normal_748.wav,0
normal_749.wav,0
normal_750.wav,0
normal_751.wav,0
normal_752.wav,0
normal_753.wav,0
normal_754.wav,0
normal_755.wav,0
normal_756.wav,0
normal_757.wav,0
normal_758.wav,0
normal_759.wav,0
normal_760.wav,0
normal_761.wav,0
normal_762.wav,0
normal_763.wav,0
normal_764.wav,0
normal_765.wav,0
normal_766.wav,0
normal_767.wav,0
normal_768.wav,0
normal_769.wav,0
normal_770.wav,0
normal_771.wav,0
normal_772.wav,0
normal_773.wav,0
normal_774.wav,0
normal_775.wav,0
normal_776.wav,0
normal_777.wav,0
normal_778.wav,0
normal_779.wav,0
normal_780.wav,0
normal_781.wav,0
normal_782.wav,0
normal_783.wav,0
normal_784.wav,0
normal_785.wav,0
normal_786.wav,0
normal_787.wav,0
normal_788.wav,0
normal_789.wav,0
normal_790.wav,0
normal_791.wav,0
normal_792.wav,0
normal_793.wav,0
normal_794.wav,0
normal_795.wav,0
normal_796.wav,0
normal_797.wav,0
normal_798.wav,0
normal_799.wav,0
normal_800.wav,0
normal_801.wav,0
normal_802.wav,0
normal_803.wav,0
normal_804.wav,0
normal_805.wav,0
normal_806.wav,0
normal_807.wav,0
normal_808.wav,0
normal_809.wav,0
normal_810.wav,0
normal_811.wav,0
normal_812.wav,0
normal_813.wav,0
normal_814.wav,0
normal_815.wav,0
normal_816.wav,0
normal_817.wav,0
normal_818.wav,0
normal_819.wav,0
normal_820.wav,0
normal_821.wav,0
normal_822.wav,0
normal_823.wav,0
normal_824.wav,0
normal_825.wav,0
normal_826.wav,0
normal_827.wav,0
normal_828.wav,0
normal_829.wav,0
normal_830.wav,0
normal_831.wav,0
normal_832.wav,0
normal_833.wav,0
normal_834.wav,0
normal_835.wav,0
normal_836.wav,0
normal_837.wav,0
normal_838.wav,0
normal_839.wav,0
normal_840.wav,0
normal_841.wav,0
normal_842.wav,0
normal_843.wav,0
normal_844.wav,0
normal_845.wav,0
normal_846.wav,0
normal_847.wav,0
normal_848.wav,0
normal_849.wav,0
normal_850.wav,0
normal_851.wav,0
normal_852.wav,0
normal_853.wav,0
normal_854.wav,0
normal_855.wav,0
normal_856.wav,0
normal_857.wav,0
normal_858.wav,0
normal_859.wav,0
normal_860.wav,0
normal_861.wav,0
normal_862.wav,0
normal_863.wav,0
normal_864.wav,0
normal_865.wav,0
normal_866.wav,0
normal_867.wav,0
normal_868.wav,0
normal_869.wav,0
normal_870.wav,0
normal_871.wav,0
normal_872.wav,0
normal_873.wav,0
normal_874.wav,0
normal_875.wav,0
normal_876.wav,0
normal_877.wav,0
normal_878.wav,0
normal_879.wav,0
normal_880.wav,0
normal_881.wav,0
normal_882.wav,0
normal_883.wav,0
normal_884.wav,0
normal_885.wav,0
normal_886.wav,0
normal_887.wav,0
normal_888.wav,0
normal_889.wav,0
normal_890.wav,0
normal_891.wav,0
normal_892.wav,0
normal_893.wav,0
normal_894.wav,0
normal_895.wav,0
normal_896.wav,0
normal_897.wav,0
normal_898.wav,0
normal_899.wav,0
normal_900.wav,0
normal_901.wav,0
normal_902.wav,0
normal_903.wav,0
normal_904.wav,0
normal_905.wav,0
normal_906.wav,0
normal_907.wav,0
normal_908.wav,0
normal_909.wav,0
normal_910.wav,0
normal_911.wav,0
normal_912.wav,0
normal_913.wav,0
normal_914.wav,0
normal_915.wav,0
normal_916.wav,0
normal_917.wav,0
normal_918.wav,0
normal_919.wav,0
normal_920.wav,0
normal_921.wav,0
normal_922.wav,0
normal_923.wav,0
normal_924.wav,0
normal_925.wav,0
normal_926.wav,0
normal_927.wav,0
normal_928.wav,0
normal_929.wav,0
normal_930.wav,0
normal_931.wav,0
normal_932.wav,0
normal_933.wav,0
normal_934.wav,0
normal_935.wav,0
normal_936.wav,0
normal_937.wav,0
normal_938.wav,0
normal_939.wav,0
normal_940.wav,0
normal_941.wav,0
normal_942.wav,0
normal_943.wav,0
normal_944.wav,0
normal_945.wav,0
normal_946.wav,0
normal_947.wav,0
normal_948.wav,0
normal_949.wav,0
normal_950.wav,0
normal_951.wav,0
normal_952.wav,0
normal_953.wav,0
normal_954.wav,0
normal_955.wav,0
normal_956.wav,0
normal_957.wav,0
normal_958.wav,0
normal_959.wav,0
normal_960.wav,0
normal_961.wav,0
normal_962.wav,0
normal_963.wav,0
normal_964.wav,0
normal_965.wav,0
normal_966.wav,0
normal_967.wav,0
normal_968.wav,0
normal_969.wav,0
normal_970.wav,0
normal_971.wav,0
normal_972.wav,0
normal_973.wav,0
normal_974.wav,0
normal_975.wav,0
normal_976.wav,0
normal_977.wav,0
normal_978.wav,0
normal_979.wav,0
normal_980.wav,0
normal_981.wav,0
normal_982.wav,0
normal_983.wav,0
normal_984.wav,0
normal_985.wav,0
normal_986.wav,0
normal_987.wav,0
normal_988.wav,0
normal_989.wav,0
normal_990.wav,0
normal_991.wav,0
normal_992.wav,0
normal_993.wav,0
normal_994.wav,0
normal_995.wav,0
normal_996.wav,0
normal_997.wav,0
normal_998.wav,0
normal_999.wav,0
normal_1000.wav,0
normal_1001.wav,0
normal_1002.wav,0
normal_1003.wav,0
normal_1004.wav,0
normal_1005.wav,0
normal_1006.wav,0
normal_1007.wav,0
normal_1008.wav,0
normal_1009.wav,0
normal_1010.wav,0
normal_1011.wav,0
normal_1012.wav,0
normal_1013.wav,0
normal_1014.wav,0
normal_1015.wav,0
normal_1016.wav,0
normal_1017.wav,0
normal_1018.wav,0
normal_1019.wav,0
normal_1020.wav,0
normal_1021.wav,0
normal_1022.wav,0
normal_1023.wav,0
normal_1024.wav,0
normal_1025.wav,0
normal_1026.wav,0
normal_1027.wav,0
normal_1028.wav,0
normal_1029.wav,0
normal_1030.wav,0
normal_1031.wav,0
normal_1032.wav,0
normal_1033.wav,0
normal_1034.wav,0
normal_1035.wav,0
normal_1036.wav,0
normal_1037.wav,0
normal_1038.wav,0
normal_1039.wav,0
normal_1040.wav,0
normal_1041.wav,0
normal_1042.wav,0
normal_1043.wav,0
normal_1044.wav,0
normal_1045.wav,0
normal_1046.wav,0
normal_1047.wav,0
normal_1048.wav,0
normal_1049.wav,0
normal_1050.wav,0
normal_1051.wav,0
normal_1052.wav,0
normal_1053.wav,0
normal_1054.wav,0
normal_1055.wav,0
normal_1056.wav,0
normal_1057.wav,0
normal_1058.wav,0
normal_1059.wav,0
normal_1060.wav,0
normal_1061.wav,0
normal_1062.wav,0
normal_1063.wav,0
normal_1064.wav,0
normal_1065.wav,0
normal_1066.wav,0
normal_1067.wav,0
normal_1068.wav,0
normal_1069.wav,0
normal_1070.wav,0
normal_1071.wav,0
normal_1072.wav,0
normal_1073.wav,0
normal_1074.wav,0
normal_1075.wav,0
normal_1076.wav,0
normal_1077.wav,0
normal_1078.wav,0
normal_1079.wav,0
normal_1080.wav,0
normal_1081.wav,0
normal_1082.wav,0
normal_1083.wav,0
normal_1084.wav,0
normal_1085.wav,0
normal_1086.wav,0
normal_1087.wav,0
normal_1088.wav,0
normal_1089.wav,0
normal_1090.wav,0
normal_1091.wav,0
normal_1092.wav,0
normal_1093.wav,0
normal_1094.wav,0
normal_1095.wav,0
normal_1096.wav,0
normal_1097.wav,0
normal_1098.wav,0
normal_1099.wav,0
normal_1100.wav,0
normal_1101.wav,0
normal_1102.wav,0
normal_1103.wav,0
normal_1104.wav,0
normal_1105.wav,0
normal_1106.wav,0
normal_1107.wav,0
normal_1108.wav,0
normal_1109.wav,0
normal_1110.wav,0
normal_1111.wav,0
normal_1112.wav,0
normal_1113.wav,0
normal_1114.wav,0
normal_1115.wav,0
normal_1116.wav,0
normal_1117.wav,0
normal_1118.wav,0
normal_1119.wav,0
normal_1120.wav,0
normal_1121.wav,0
normal_1122.wav,0
normal_1123.wav,0
normal_1124.wav,0
normal_1125.wav,0
normal_1126.wav,0
normal_1127.wav,0
normal_1128.wav,0
normal_1129.wav,0
normal_1130.wav,0
normal_1131.wav,0
normal_1132.wav,0
normal_1133.wav,0
normal_1134.wav,0
normal_1135.wav,0
normal_1136.wav,0
normal_1137.wav,0
normal_1138.wav,0
normal_1139.wav,0
normal_1140.wav,0
normal_1141.wav,0
normal_1142.wav,0
normal_1143.wav,0
normal_1144.wav,0
normal_1145.wav,0
normal_1146.wav,0
normal_1147.wav,0
normal_1148.wav,0
normal_1149.wav,0
normal_1150.wav,0
normal_1151.wav,0
normal_1152.wav,0
normal_1153.wav,0
normal_1154.wav,0
normal_1155.wav,0
normal_1156.wav,0
normal_1157.wav,0
normal_1158.wav,0
normal_1159.wav,0
normal_1160.wav,0
normal_1161.wav,0
normal_1162.wav,0
normal_1163.wav,0
normal_1164.wav,0
normal_1165.wav,0
normal_1166.wav,0
normal_1167.wav,0
normal_1168.wav,0
normal_1169.wav,0
normal_1170.wav,0
normal_1171.wav,0
normal_1172.wav,0
normal_1173.wav,0
normal_1174.wav,0
normal_1175.wav,0
normal_1176.wav,0
normal_1177.wav,0
normal_1178.wav,0
normal_1179.wav,0
normal_1180.wav,0
normal_1181.wav,0
normal_1182.wav,0
normal_1183.wav,0
normal_1184.wav,0
normal_1185.wav,0
normal_1186.wav,0
normal_1187.wav,0
normal_1188.wav,0
normal_1189.wav,0
normal_1190.wav,0
normal_1191.wav,0
normal_1192.wav,0
normal_1193.wav,0
normal_1194.wav,0
normal_1195.wav,0
normal_1196.wav,0
normal_1197.wav,0
normal_1198.wav,0
normal_1199.wav,0
normal_1200.wav,0
normal_1201.wav,0
normal_1202.wav,0
normal_1203.wav,0
normal_1204.wav,0
normal_1205.wav,0
normal_1206.wav,0
normal_1207.wav,0
normal_1208.wav,0
normal_1209.wav,0
normal_1210.wav,0
normal_1211.wav,0
normal_1212.wav,0
normal_1213.wav,0
normal_1214.wav,0
normal_1215.wav,0
normal_1216.wav,0
normal_1217.wav,0
normal_1218.wav,0
normal_1219.wav,0
normal_1220.wav,0
normal_1221.wav,0
normal_1222.wav,0
normal_1223.wav,0
normal_1224.wav,0
normal_1225.wav,0
normal_1226.wav,0
normal_1227.wav,0
normal_1228.wav,0
normal_1229.wav,0
normal_1230.wav,0
normal_1231.wav,0
normal_1232.wav,0
normal_1233.wav,0
normal_1234.wav,0
normal_1235.wav,0
normal_1236.wav,0
normal_1237.wav,0
normal_1238.wav,0
normal_1239.wav,0
normal_1240.wav,0
normal_1241.wav,0
normal_1242.wav,0
normal_1243.wav,0
normal_1244.wav,0
normal_1245.wav,0
normal_1246.wav,0
normal_1247.wav,0
normal_1248.wav,0
normal_1249.wav,0
normal_1250.wav,0
normal_1251.wav,0
normal_1252.wav,0
normal_1253.wav,0
normal_1254.wav,0
normal_1255.wav,0
normal_1256.wav,0
normal_1257.wav,0
normal_1258.wav,0
normal_1259.wav,0
normal_1260.wav,0
normal_1261.wav,0
normal_1262.wav,0
normal_1263.wav,0
normal_1264.wav,0
normal_1265.wav,0
normal_1266.wav,0
normal_1267.wav,0
normal_1268.wav,0
normal_1269.wav,0
normal_1270.wav,0
normal_1271.wav,0
normal_1272.wav,0
normal_1273.wav,0
normal_1274.wav,0
normal_1275.wav,0
normal_1276.wav,0
normal_1277.wav,0
normal_1278.wav,0
normal_1279.wav,0
normal_1280.wav,0
normal_1281.wav,0
normal_1282.wav,0
normal_1283.wav,0
normal_1284.wav,0
normal_1285.wav,0
normal_1286.wav,0
normal_1287.wav,0
normal_1288.wav,0
normal_1289.wav,0
normal_1290.wav,0
normal_1291.wav,0
normal_1292.wav,0
normal_1293.wav,0
normal_1294.wav,0
normal_1295.wav,0
normal_1296.wav,0
normal_1297.wav,0
normal_1298.wav,0
normal_1299.wav,0
normal_1300.wav,0
normal_1301.wav,0
normal_1302.wav,0
normal_1303.wav,0
normal_1304.wav,0
normal_1305.wav,0
normal_1306.wav,0
normal_1307.wav,0
normal_1308.wav,0
normal_1309.wav,0
normal_1310.wav,0
normal_1311.wav,0
normal_1312.wav,0
normal_1313.wav,0
normal_1314.wav,0
normal_1315.wav,0
normal_1316.wav,0
normal_1317.wav,0
normal_1318.wav,0
normal_1319.wav,0
normal_1320.wav,0
normal_1321.wav,0
normal_1322.wav,0
normal_1323.wav,0
normal_1324.wav,0
normal_1325.wav,0
normal_1326.wav,0
normal_1327.wav,0
normal_1328.wav,0
normal_1329.wav,0
normal_1330.wav,0
normal_1331.wav,0
normal_1332.wav,0
normal_1333.wav,0
normal_1334.wav,0
normal_1335.wav,0
normal_1336.wav,0
normal_1337.wav,0
normal_1338.wav,0
normal_1339.wav,0
normal_1340.wav,0
normal_1341.wav,0
normal_1342.wav,0
normal_1343.wav,0
normal_1344.wav,0
normal_1345.wav,0
normal_1346.wav,0
normal_1347.wav,0
normal_1348.wav,0
normal_1349.wav,0
normal_1350.wav,0
normal_1351.wav,0
normal_1352.wav,0
normal_1353.wav,0
normal_1354.wav,0
normal_1355.wav,0
normal_1356.wav,0
normal_1357.wav,0
normal_1358.wav,0
normal_1359.wav,0
normal_1360.wav,0
normal_1361.wav,0
normal_1362.wav,0
normal_1363.wav,0
normal_1364.wav,0
normal_1365.wav,0
normal_1366.wav,0
normal_1367.wav,0
normal_1368.wav,0
normal_1369.wav,0
normal_1370.wav,0
normal_1371.wav,0
normal_1372.wav,0
normal_1373.wav,0
normal_1374.wav,0
normal_1375.wav,0
normal_1376.wav,0
normal_1377.wav,0
normal_1378.wav,0
normal_1379.wav,0
normal_1380.wav,0
normal_1381.wav,0
normal_1382.wav,0
normal_1383.wav,0
normal_1384.wav,0
normal_1385.wav,0
normal_1386.wav,0
normal_1387.wav,0
normal_1388.wav,0
normal_1389.wav,0
normal_1390.wav,0
normal_1391.wav,0
normal_1392.wav,0
normal_1393.wav,0
normal_1394.wav,0
normal_1395.wav,0
normal_1396.wav,0
normal_1397.wav,0
normal_1398.wav,0
normal_1399.wav,0
normal_1400.wav,0
normal_1401.wav,0
normal_1402.wav,0
normal_1403.wav,0
normal_1404.wav,0
normal_1405.wav,0
normal_1406.wav,0
normal_1407.wav,0
normal_1408.wav,0
normal_1409.wav,0
normal_1410.wav,0
normal_1411.wav,0
normal_1412.wav,0
normal_1413.wav,0
normal_1414.wav,0
normal_1415.wav,0
normal_1416.wav,0
normal_1417.wav,0
normal_1418.wav,0
normal_1419.wav,0
normal_1420.wav,0
normal_1421.wav,0
normal_1422.wav,0
normal_1423.wav,0
normal_1424.wav,0
normal_1425.wav,0
normal_1426.wav,0
normal_1427.wav,0
normal_1428.wav,0
normal_1429.wav,0
normal_1430.wav,0
normal_1431.wav,0
normal_1432.wav,0
normal_1433.wav,0
normal_1434.wav,0
normal_1435.wav,0
normal_1436.wav,0
normal_1437.wav,0
normal_1438.wav,0
normal_1439.wav,0
normal_1440.wav,0
normal_1441.wav,0
normal_1442.wav,0
normal_1443.wav,0
normal_1444.wav,0
normal_1445.wav,0
normal_1446.wav,0
normal_1447.wav,0
normal_1448.wav,0
normal_1449.wav,0
normal_1450.wav,0
normal_1451.wav,0
normal_1452.wav,0
normal_1453.wav,0
normal_1454.wav,0
normal_1455.wav,0
normal_1456.wav,0
normal_1457.wav,0
normal_1458.wav,0
normal_1459.wav,0
normal_1460.wav,0
normal_1461.wav,0
normal_1462.wav,0
normal_1463.wav,0
normal_1464.wav,0
normal_1465.wav,0
normal_1466.wav,0
normal_1467.wav,0
normal_1468.wav,0
normal_1469.wav,0
normal_1470.wav,0
normal_1471.wav,0
normal_1472.wav,0
normal_1473.wav,0
normal_1474.wav,0
normal_1475.wav,0
normal_1476.wav,0
normal_1477.wav,0
normal_1478.wav,0
normal_1479.wav,0
normal_1480.wav,0
normal_1481.wav,0
normal_1482.wav,0
normal_1483.wav,0
normal_1484.wav,0
normal_1485.wav,0
normal_1486.wav,0
normal_1487.wav,0
normal_1488.wav,0
normal_1489.wav,0
normal_1490.wav,0
normal_1491.wav,0
normal_1492.wav,0
normal_1493.wav,0
normal_1494.wav,0
normal_1495.wav,0
normal_1496.wav,0
normal_1497.wav,0
normal_1498.wav,0
normal_1499.wav,0
normal_1500.wav,0
normal_1501.wav,0
normal_1502.wav,0
normal_1503.wav,0
normal_1504.wav,0
normal_1505.wav,0
normal_1506.wav,0
normal_1507.wav,0
normal_1508.wav,0
normal_1509.wav,0
normal_1510.wav,0
normal_1511.wav,0
normal_1512.wav,0
normal_1513.wav,0
normal_1514.wav,0
normal_1515.wav,0
normal_1516.wav,0
normal_1517.wav,0
normal_1518.wav,0
normal_1519.wav,0
normal_1520.wav,0
normal_1521.wav,0
normal_1522.wav,0
normal_1523.wav,0
normal_1524.wav,0
normal_1525.wav,0
normal_1526.wav,0
normal_1527.wav,0
normal_1528.wav,0
normal_1529.wav,0
normal_1530.wav,0
normal_1531.wav,0
normal_1532.wav,0
normal_1533.wav,0
normal_1534.wav,0
normal_1535.wav,0
normal_1536.wav,0
normal_1537.wav,0
normal_1538.wav,0
normal_1539.wav,0
normal_1540.wav,0
normal_1541.wav,0
normal_1542.wav,0
normal_1543.wav,0
normal_1544.wav,0
normal_1545.wav,0
normal_1546.wav,0
normal_1547.wav,0
normal_1548.wav,0
normal_1549.wav,0
normal_1550.wav,0
normal_1551.wav,0
normal_1552.wav,0
normal_1553.wav,0
normal_1554.wav,0
normal_1555.wav,0
normal_1556.wav,0
normal_1557.wav,0
normal_1558.wav,0
normal_1559.wav,0
normal_1560.wav,0
normal_1561.wav,0
normal_1562.wav,0
normal_1563.wav,0
normal_1564.wav,0
normal_1565.wav,0
normal_1566.wav,0
normal_1567.wav,0
normal_1568.wav,0
normal_1569.wav,0
normal_1570.wav,0
normal_1571.wav,0
normal_1572.wav,0
normal_1573.wav,0
normal_1574.wav,0
normal_1575.wav,0
normal_1576.wav,0
normal_1577.wav,0
normal_1578.wav,0
normal_1579.wav,0
normal_1580.wav,0
normal_1581.wav,0
normal_1582.wav,0
normal_1583.wav,0
normal_1584.wav,0
normal_1585.wav,0
normal_1586.wav,0
normal_1587.wav,0
normal_1588.wav,0
normal_1589.wav,0
normal_1590.wav,0
normal_1591.wav,0
normal_1592.wav,0
normal_1593.wav,0
normal_1594.wav,0
normal_1595.wav,0
normal_1596.wav,0
normal_1597.wav,0
normal_1598.wav,0
normal_1599.wav,0
normal_1600.wav,0
normal_1601.wav,0
normal_1602.wav,0
normal_1603.wav,0
normal_1604.wav,0
normal_1605.wav,0
normal_1606.wav,0
normal_1607.wav,0
normal_1608.wav,0
normal_1609.wav,0
normal_1610.wav,0
normal_1611.wav,0
normal_1612.wav,0
normal_1613.wav,0
normal_1614.wav,0
normal_1615.wav,0
normal_1616.wav,0
normal_1617.wav,0
normal_1618.wav,0
normal_1619.wav,0
normal_1620.wav,0
normal_1621.wav,0
normal_1622.wav,0
normal_1623.wav,0
normal_1624.wav,0
normal_1625.wav,0
normal_1626.wav,0
normal_1627.wav,0
normal_1628.wav,0
normal_1629.wav,0
normal_1630.wav,0
normal_1631.wav,0
normal_1632.wav,0
normal_1633.wav,0
normal_1634.wav,0
normal_1635.wav,0
normal_1636.wav,0
normal_1637.wav,0
normal_1638.wav,0
normal_1639.wav,0
normal_1640.wav,0
normal_1641.wav,0
normal_1642.wav,0
normal_1643.wav,0
normal_1644.wav,0
normal_1645.wav,0
normal_1646.wav,0
normal_1647.wav,0
normal_1648.wav,0
normal_1649.wav,0
normal_1650.wav,0
normal_1651.wav,0
normal_1652.wav,0
normal_1653.wav,0
normal_1654.wav,0
normal_1655.wav,0
normal_1656.wav,0
normal_1657.wav,0
normal_1658.wav,0
normal_1659.wav,0
normal_1660.wav,0
normal_1661.wav,0
normal_1662.wav,0
normal_1663.wav,0
normal_1664.wav,0
normal_1665.wav,0
normal_1666.wav,0
normal_1667.wav,0
normal_1668.wav,0
normal_1669.wav,0
normal_1670.wav,0
normal_1671.wav,0
normal_1672.wav,0
normal_1673.wav,0
normal_1674.wav,0
normal_1675.wav,0
normal_1676.wav,0
normal_1677.wav,0
normal_1678.wav,0
normal_1679.wav,0
normal_1680.wav,0
normal_1681.wav,0
normal_1682.wav,0
normal_1683.wav,0
normal_1684.wav,0
normal_1685.wav,0
normal_1686.wav,0
normal_1687.wav,0
normal_1688.wav,0
normal_1689.wav,0
normal_1690.wav,0
normal_1691.wav,0
normal_1692.wav,0
normal_1693.wav,0
normal_1694.wav,0
normal_1695.wav,0
normal_1696.wav,0
normal_1697.wav,0
normal_1698.wav,0
normal_1699.wav,0
normal_1700.wav,0
normal_1701.wav,0
normal_1702.wav,0
normal_1703.wav,0
normal_1704.wav,0
normal_1705.wav,0
normal_1706.wav,0
normal_1707.wav,0
normal_1708.wav,0
normal_1709.wav,0
normal_1710.wav,0
normal_1711.wav,0
normal_1712.wav,0
normal_1713.wav,0
normal_1714.wav,0
normal_1715.wav,0
normal_1716.wav,0
normal_1717.wav,0
normal_1718.wav,0
normal_1719.wav,0
normal_1720.wav,0
normal_1721.wav,0
normal_1722.wav,0
normal_1723.wav,0
normal_1724.wav,0
normal_1725.wav,0
normal_1726.wav,0
normal_1727.wav,0
normal_1728.wav,0
normal_1729.wav,0
normal_1730.wav,0
normal_1731.wav,0
normal_1732.wav,0
normal_1733.wav,0
normal_1734.wav,0
normal_1735.wav,0
normal_1736.wav,0
normal_1737.wav,0
normal_1738.wav,0
normal_1739.wav,0
normal_1740.wav,0
normal_1741.wav,0
normal_1742.wav,0
normal_1743.wav,0
normal_1744.wav,0
normal_1745.wav,0
normal_1746.wav,0
normal_1747.wav,0
normal_1748.wav,0
normal_1749.wav,0
normal_1750.wav,0
normal_1751.wav,0
normal_1752.wav,0
normal_1753.wav,0
normal_1754.wav,0
normal_1755.wav,0
normal_1756.wav,0
normal_1757.wav,0
normal_1758.wav,0
normal_1759.wav,0
normal_1760.wav,0
normal_1761.wav,0
normal_1762.wav,0
normal_1763.wav,0
normal_1764.wav,0
normal_1765.wav,0
normal_1766.wav,0
normal_1767.wav,0
normal_1768.wav,0
normal_1769.wav,0
normal_1770.wav,0
normal_1771.wav,0
normal_1772.wav,0
normal_1773.wav,0
normal_1774.wav,0
normal_1775.wav,0
normal_1776.wav,0
normal_1777.wav,0
normal_1778.wav,0
normal_1779.wav,0
normal_1780.wav,0
normal_1781.wav,0
normal_1782.wav,0
normal_1783.wav,0
normal_1784.wav,0
normal_1785.wav,0
normal_1786.wav,0
normal_1787.wav,0
normal_1788.wav,0
normal_1789.wav,0
normal_1790.wav,0
normal_1791.wav,0
normal_1792.wav,0
normal_1793.wav,0
normal_1794.wav,0
normal_1795.wav,0
normal_1796.wav,0
normal_1797.wav,0
normal_1798.wav,0
normal_1799.wav,0
normal_1800.wav,0
normal_1801.wav,0
normal_1802.wav,0
normal_1803.wav,0
normal_1804.wav,0
normal_1805.wav,0
normal_1806.wav,0
normal_1807.wav,0
normal_1808.wav,0
normal_1809.wav,0
normal_1810.wav,0
normal_1811.wav,0
normal_1812.wav,0
normal_1813.wav,0
normal_1814.wav,0
normal_1815.wav,0
normal_1816.wav,0
normal_1817.wav,0
normal_1818.wav,0
normal_1819.wav,0
normal_1820.wav,0
normal_1821.wav,0
normal_1822.wav,0
normal_1823.wav,0
normal_1824.wav,0
normal_1825.wav,0
normal_1826.wav,0
normal_1827.wav,0
normal_1828.wav,0
normal_1829.wav,0
normal_1830.wav,0
normal_1831.wav,0
normal_1832.wav,0
normal_1833.wav,0
normal_1834.wav,0
normal_1835.wav,0
normal_1836.wav,0
normal_1837.wav,0
normal_1838.wav,0
normal_1839.wav,0
normal_1840.wav,0
normal_1841.wav,0
normal_1842.wav,0
normal_1843.wav,0
normal_1844.wav,0
normal_1845.wav,0
normal_1846.wav,0
normal_1847.wav,0
normal_1848.wav,0
normal_1849.wav,0
normal_1850.wav,0
normal_1851.wav,0
normal_1852.wav,0
normal_1853.wav,0
normal_1854.wav,0
normal_1855.wav,0
normal_1856.wav,0
normal_1857.wav,0
normal_1858.wav,0
normal_1859.wav,0
normal_1860.wav,0
normal_1861.wav,0
normal_1862.wav,0
normal_1863.wav,0
normal_1864.wav,0
normal_1865.wav,0
normal_1866.wav,0
normal_1867.wav,0
normal_1868.wav,0
normal_1869.wav,0
normal_1870.wav,0
normal_1871.wav,0
normal_1872.wav,0
normal_1873.wav,0
normal_1874.wav,0
normal_1875.wav,0
normal_1876.wav,0
normal_1877.wav,0
normal_1878.wav,0
normal_1879.wav,0
normal_1880.wav,0
normal_1881.wav,0
normal_1882.wav,0
normal_1883.wav,0
normal_1884.wav,0
normal_1885.wav,0
normal_1886.wav,0
normal_1887.wav,0
normal_1888.wav,0
normal_1889.wav,0
normal_1890.wav,0
normal_1891.wav,0
normal_1892.wav,0
normal_1893.wav,0
normal_1894.wav,0
normal_1895.wav,0
normal_1896.wav,0
normal_1897.wav,0
normal_1898.wav,0
normal_1899.wav,0
normal_1900.wav,0
normal_1901.wav,0
normal_1902.wav,0
normal_1903.wav,0
normal_1904.wav,0
normal_1905.wav,0
normal_1906.wav,0
normal_1907.wav,0
normal_1908.wav,0
normal_1909.wav,0
normal_1910.wav,0
normal_1911.wav,0
normal_1912.wav,0
normal_1913.wav,0
normal_1914.wav,0
normal_1915.wav,0
normal_1916.wav,0
normal_1917.wav,0
normal_1918.wav,0
normal_1919.wav,0
normal_1920.wav,0
normal_1921.wav,0
normal_1922.wav,0
normal_1923.wav,0
normal_1924.wav,0
normal_1925.wav,0
normal_1926.wav,0
normal_1927.wav,0
normal_1928.wav,0
normal_1929.wav,0
normal_1930.wav,0
normal_1931.wav,0
normal_1932.wav,0
normal_1933.wav,0
normal_1934.wav,0
normal_1935.wav,0
normal_1936.wav,0
normal_1937.wav,0
normal_1938.wav,0
normal_1939.wav,0
normal_1940.wav,0
normal_1941.wav,0
normal_1942.wav,0
normal_1943.wav,0
normal_1944.wav,0
normal_1945.wav,0
normal_1946.wav,0
normal_1947.wav,0
normal_1948.wav,0
normal_1949.wav,0
normal_1950.wav,0
normal_1951.wav,0
normal_1952.wav,0
normal_1953.wav,0
normal_1954.wav,0
normal_1955.wav,0
normal_1956.wav,0
normal_1957.wav,0
normal_1958.wav,0
normal_1959.wav,0
normal_1960.wav,0
normal_1961.wav,0
normal_1962.wav,0
normal_1963.wav,0
normal_1964.wav,0
normal_1965.wav,0
normal_1966.wav,0
normal_1967.wav,0
normal_1968.wav,0
normal_1969.wav,0
normal_1970.wav,0
normal_1971.wav,0
normal_1972.wav,0
normal_1973.wav,0
normal_1974.wav,0
normal_1975.wav,0
normal_1976.wav,0
normal_1977.wav,0
normal_1978.wav,0
normal_1979.wav,0
normal_1980.wav,0
normal_1981.wav,0
normal_1982.wav,0
normal_1983.wav,0
normal_1984.wav,0
normal_1985.wav,0
normal_1986.wav,0
normal_1987.wav,0
normal_1988.wav,0
normal_1989.wav,0
normal_1990.wav,0
normal_1991.wav,0
normal_1992.wav,0
normal_1993.wav,0
normal_1994.wav,0
normal_1995.wav,0
normal_1996.wav,0
normal_1997.wav,0
normal_1998.wav,0
normal_1999.wav,0
normal_2000.wav,0
normal_2001.wav,0
normal_2002.wav,0
normal_2003.wav,0
normal_2004.wav,0
normal_2005.wav,0
normal_2006.wav,0
normal_2007.wav,0
normal_2008.wav,0
normal_2009.wav,0
normal_2010.wav,0
normal_2011.wav,0
normal_2012.wav,0
normal_2013.wav,0
normal_2014.wav,0
normal_2015.wav,0
normal_2016.wav,0
normal_2017.wav,0
normal_2018.wav,0
normal_2019.wav,0
normal_2020.wav,0
normal_2021.wav,0
normal_2022.wav,0
normal_2023.wav,0
normal_2024.wav,0
normal_2025.wav,0
normal_2026.wav,0
normal_2027.wav,0
normal_2028.wav,0
normal_2029.wav,0
normal_2030.wav,0
normal_2031.wav,0
normal_2032.wav,0
normal_2033.wav,0
normal_2034.wav,0
normal_2035.wav,0
normal_2036.wav,0
normal_2037.wav,0
normal_2038.wav,0
normal_2039.wav,0
normal_2040.wav,0
normal_2041.wav,0
normal_2042.wav,0
normal_2043.wav,0
normal_2044.wav,0
normal_2045.wav,0
normal_2046.wav,0
normal_2047.wav,0
normal_2048.wav,0
normal_2049.wav,0
normal_2050.wav,0
normal_2051.wav,0
normal_2052.wav,0
normal_2053.wav,0
normal_2054.wav,0
normal_2055.wav,0
normal_2056.wav,0
normal_2057.wav,0
normal_2058.wav,0
normal_2059.wav,0
normal_2060.wav,0
normal_2061.wav,0
normal_2062.wav,0
crackle_0.wav,1
crackle_1.wav,1
crackle_2.wav,1
crackle_3.wav,1
crackle_4.wav,1
crackle_5.wav,1
crackle_6.wav,1
crackle_7.wav,1
crackle_8.wav,1
crackle_9.wav,1
crackle_10.wav,1
crackle_11.wav,1
crackle_12.wav,1
crackle_13.wav,1
crackle_14.wav,1
crackle_15.wav,1
crackle_16.wav,1
crackle_17.wav,1
crackle_18.wav,1
crackle_19.wav,1
crackle_20.wav,1
crackle_21.wav,1
crackle_22.wav,1
crackle_23.wav,1
crackle_24.wav,1
crackle_25.wav,1
crackle_26.wav,1
crackle_27.wav,1
crackle_28.wav,1
crackle_29.wav,1
crackle_30.wav,1
crackle_31.wav,1
crackle_32.wav,1
crackle_33.wav,1
crackle_34.wav,1
crackle_35.wav,1
crackle_36.wav,1
crackle_37.wav,1
crackle_38.wav,1
crackle_39.wav,1
crackle_40.wav,1
crackle_41.wav,1
crackle_42.wav,1
crackle_43.wav,1
crackle_44.wav,1
crackle_45.wav,1
crackle_46.wav,1
crackle_47.wav,1
crackle_48.wav,1
crackle_49.wav,1
crackle_50.wav,1
crackle_51.wav,1
crackle_52.wav,1
crackle_53.wav,1
crackle_54.wav,1
crackle_55.wav,1
crackle_56.wav,1
crackle_57.wav,1
crackle_58.wav,1
crackle_59.wav,1
crackle_60.wav,1
crackle_61.wav,1
crackle_62.wav,1
crackle_63.wav,1
crackle_64.wav,1
crackle_65.wav,1
crackle_66.wav,1
crackle_67.wav,1
crackle_68.wav,1
crackle_69.wav,1
crackle_70.wav,1
crackle_71.wav,1
crackle_72.wav,1
crackle_73.wav,1
crackle_74.wav,1
crackle_75.wav,1
crackle_76.wav,1
crackle_77.wav,1
crackle_78.wav,1
crackle_79.wav,1
crackle_80.wav,1
crackle_81.wav,1
crackle_82.wav,1
crackle_83.wav,1
crackle_84.wav,1
crackle_85.wav,1
crackle_86.wav,1
crackle_87.wav,1
crackle_88.wav,1
crackle_89.wav,1
crackle_90.wav,1
crackle_91.wav,1
crackle_92.wav,1
crackle_93.wav,1
crackle_94.wav,1
crackle_95.wav,1
crackle_96.wav,1
crackle_97.wav,1
crackle_98.wav,1
crackle_99.wav,1
crackle_100.wav,1
crackle_101.wav,1
crackle_102.wav,1
crackle_103.wav,1
crackle_104.wav,1
crackle_105.wav,1
crackle_106.wav,1
crackle_107.wav,1
crackle_108.wav,1
crackle_109.wav,1
crackle_110.wav,1
crackle_111.wav,1
crackle_112.wav,1
crackle_113.wav,1
crackle_114.wav,1
crackle_115.wav,1
crackle_116.wav,1
crackle_117.wav,1
crackle_118.wav,1
crackle_119.wav,1
crackle_120.wav,1
crackle_121.wav,1
crackle_122.wav,1
crackle_123.wav,1
crackle_124.wav,1
crackle_125.wav,1
crackle_126.wav,1
crackle_127.wav,1
crackle_128.wav,1
crackle_129.wav,1
crackle_130.wav,1
crackle_131.wav,1
crackle_132.wav,1
crackle_133.wav,1
crackle_134.wav,1
crackle_135.wav,1
crackle_136.wav,1
crackle_137.wav,1
crackle_138.wav,1
crackle_139.wav,1
crackle_140.wav,1
crackle_141.wav,1
crackle_142.wav,1
crackle_143.wav,1
crackle_144.wav,1
crackle_145.wav,1
crackle_146.wav,1
crackle_147.wav,1
crackle_148.wav,1
crackle_149.wav,1
crackle_150.wav,1
crackle_151.wav,1
crackle_152.wav,1
crackle_153.wav,1
crackle_154.wav,1
crackle_155.wav,1
crackle_156.wav,1
crackle_157.wav,1
crackle_158.wav,1
crackle_159.wav,1
crackle_160.wav,1
crackle_161.wav,1
crackle_162.wav,1
crackle_163.wav,1
crackle_164.wav,1
crackle_165.wav,1
crackle_166.wav,1
crackle_167.wav,1
crackle_168.wav,1
crackle_169.wav,1
crackle_170.wav,1
crackle_171.wav,1
crackle_172.wav,1
crackle_173.wav,1
crackle_174.wav,1
crackle_175.wav,1
crackle_176.wav,1
crackle_177.wav,1
crackle_178.wav,1
crackle_179.wav,1
crackle_180.wav,1
crackle_181.wav,1
crackle_182.wav,1
crackle_183.wav,1
crackle_184.wav,1
crackle_185.wav,1
crackle_186.wav,1
crackle_187.wav,1
crackle_188.wav,1
crackle_189.wav,1
crackle_190.wav,1
crackle_191.wav,1
crackle_192.wav,1
crackle_193.wav,1
crackle_194.wav,1
crackle_195.wav,1
crackle_196.wav,1
crackle_197.wav,1
crackle_198.wav,1
crackle_199.wav,1
crackle_200.wav,1
crackle_201.wav,1
crackle_202.wav,1
crackle_203.wav,1
crackle_204.wav,1
crackle_205.wav,1
crackle_206.wav,1
crackle_207.wav,1
crackle_208.wav,1
crackle_209.wav,1
crackle_210.wav,1
crackle_211.wav,1
crackle_212.wav,1
crackle_213.wav,1
crackle_214.wav,1
crackle_215.wav,1
crackle_216.wav,1
crackle_217.wav,1
crackle_218.wav,1
crackle_219.wav,1
crackle_220.wav,1
crackle_221.wav,1
crackle_222.wav,1
crackle_223.wav,1
crackle_224.wav,1
crackle_225.wav,1
crackle_226.wav,1
crackle_227.wav,1
crackle_228.wav,1
crackle_229.wav,1
crackle_230.wav,1
crackle_231.wav,1
crackle_232.wav,1
crackle_233.wav,1
crackle_234.wav,1
crackle_235.wav,1
crackle_236.wav,1
crackle_237.wav,1
crackle_238.wav,1
crackle_239.wav,1
crackle_240.wav,1
crackle_241.wav,1
crackle_242.wav,1
crackle_243.wav,1
crackle_244.wav,1
crackle_245.wav,1
crackle_246.wav,1
crackle_247.wav,1
crackle_248.wav,1
crackle_249.wav,1
crackle_250.wav,1
crackle_251.wav,1
crackle_252.wav,1
crackle_253.wav,1
crackle_254.wav,1
crackle_255.wav,1
crackle_256.wav,1
crackle_257.wav,1
crackle_258.wav,1
crackle_259.wav,1
crackle_260.wav,1
crackle_261.wav,1
crackle_262.wav,1
crackle_263.wav,1
crackle_264.wav,1
crackle_265.wav,1
crackle_266.wav,1
crackle_267.wav,1
crackle_268.wav,1
crackle_269.wav,1
crackle_270.wav,1
crackle_271.wav,1
crackle_272.wav,1
crackle_273.wav,1
crackle_274.wav,1
crackle_275.wav,1
crackle_276.wav,1
crackle_277.wav,1
crackle_278.wav,1
crackle_279.wav,1
crackle_280.wav,1
crackle_281.wav,1
crackle_282.wav,1
crackle_283.wav,1
crackle_284.wav,1
crackle_285.wav,1
crackle_286.wav,1
crackle_287.wav,1
crackle_288.wav,1
crackle_289.wav,1
crackle_290.wav,1
crackle_291.wav,1
crackle_292.wav,1
crackle_293.wav,1
crackle_294.wav,1
crackle_295.wav,1
crackle_296.wav,1
crackle_297.wav,1
crackle_298.wav,1
crackle_299.wav,1
crackle_300.wav,1
crackle_301.wav,1
crackle_302.wav,1
crackle_303.wav,1
crackle_304.wav,1
crackle_305.wav,1
crackle_306.wav,1
crackle_307.wav,1
crackle_308.wav,1
crackle_309.wav,1
crackle_310.wav,1
crackle_311.wav,1
crackle_312.wav,1
crackle_313.wav,1
crackle_314.wav,1
crackle_315.wav,1
crackle_316.wav,1
crackle_317.wav,1
crackle_318.wav,1
crackle_319.wav,1
crackle_320.wav,1
crackle_321.wav,1
crackle_322.wav,1
crackle_323.wav,1
crackle_324.wav,1
crackle_325.wav,1
crackle_326.wav,1
crackle_327.wav,1
crackle_328.wav,1
crackle_329.wav,1
crackle_330.wav,1
crackle_331.wav,1
crackle_332.wav,1
crackle_333.wav,1
crackle_334.wav,1
crackle_335.wav,1
crackle_336.wav,1
crackle_337.wav,1
crackle_338.wav,1
crackle_339.wav,1
crackle_340.wav,1
crackle_341.wav,1
crackle_342.wav,1
crackle_343.wav,1
crackle_344.wav,1
crackle_345.wav,1
crackle_346.wav,1
crackle_347.wav,1
crackle_348.wav,1
crackle_349.wav,1
crackle_350.wav,1
crackle_351.wav,1
crackle_352.wav,1
crackle_353.wav,1
crackle_354.wav,1
crackle_355.wav,1
crackle_356.wav,1
crackle_357.wav,1
crackle_358.wav,1
crackle_359.wav,1
crackle_360.wav,1
crackle_361.wav,1
crackle_362.wav,1
crackle_363.wav,1
crackle_364.wav,1
crackle_365.wav,1
crackle_366.wav,1
crackle_367.wav,1
crackle_368.wav,1
crackle_369.wav,1
crackle_370.wav,1
crackle_371.wav,1
crackle_372.wav,1
crackle_373.wav,1
crackle_374.wav,1
crackle_375.wav,1
crackle_376.wav,1
crackle_377.wav,1
crackle_378.wav,1
crackle_379.wav,1
crackle_380.wav,1
crackle_381.wav,1
crackle_382.wav,1
crackle_383.wav,1
crackle_384.wav,1
crackle_385.wav,1
crackle_386.wav,1
crackle_387.wav,1
crackle_388.wav,1
crackle_389.wav,1
crackle_390.wav,1
crackle_391.wav,1
crackle_392.wav,1
crackle_393.wav,1
crackle_394.wav,1
crackle_395.wav,1
crackle_396.wav,1
crackle_397.wav,1
crackle_398.wav,1
crackle_399.wav,1
crackle_400.wav,1
crackle_401.wav,1
crackle_402.wav,1
crackle_403.wav,1
crackle_404.wav,1
crackle_405.wav,1
crackle_406.wav,1
crackle_407.wav,1
crackle_408.wav,1
crackle_409.wav,1
crackle_410.wav,1
crackle_411.wav,1
crackle_412.wav,1
crackle_413.wav,1
crackle_414.wav,1
crackle_415.wav,1
crackle_416.wav,1
crackle_417.wav,1
crackle_418.wav,1
crackle_419.wav,1
crackle_420.wav,1
crackle_421.wav,1
crackle_422.wav,1
crackle_423.wav,1
crackle_424.wav,1
crackle_425.wav,1
crackle_426.wav,1
crackle_427.wav,1
crackle_428.wav,1
crackle_429.wav,1
crackle_430.wav,1
crackle_431.wav,1
crackle_432.wav,1
crackle_433.wav,1
crackle_434.wav,1
crackle_435.wav,1
crackle_436.wav,1
crackle_437.wav,1
crackle_438.wav,1
crackle_439.wav,1
crackle_440.wav,1
crackle_441.wav,1
crackle_442.wav,1
crackle_443.wav,1
crackle_444.wav,1
crackle_445.wav,1
crackle_446.wav,1
crackle_447.wav,1
crackle_448.wav,1
crackle_449.wav,1
crackle_450.wav,1
crackle_451.wav,1
crackle_452.wav,1
crackle_453.wav,1
crackle_454.wav,1
crackle_455.wav,1
crackle_456.wav,1
crackle_457.wav,1
crackle_458.wav,1
crackle_459.wav,1
crackle_460.wav,1
crackle_461.wav,1
crackle_462.wav,1
crackle_463.wav,1
crackle_464.wav,1
crackle_465.wav,1
crackle_466.wav,1
crackle_467.wav,1
crackle_468.wav,1
crackle_469.wav,1
crackle_470.wav,1
crackle_471.wav,1
crackle_472.wav,1
crackle_473.wav,1
crackle_474.wav,1
crackle_475.wav,1
crackle_476.wav,1
crackle_477.wav,1
crackle_478.wav,1
crackle_479.wav,1
crackle_480.wav,1
crackle_481.wav,1
crackle_482.wav,1
crackle_483.wav,1
crackle_484.wav,1
crackle_485.wav,1
crackle_486.wav,1
crackle_487.wav,1
crackle_488.wav,1
crackle_489.wav,1
crackle_490.wav,1
crackle_491.wav,1
crackle_492.wav,1
crackle_493.wav,1
crackle_494.wav,1
crackle_495.wav,1
crackle_496.wav,1
crackle_497.wav,1
crackle_498.wav,1
crackle_499.wav,1
crackle_500.wav,1
crackle_501.wav,1
crackle_502.wav,1
crackle_503.wav,1
crackle_504.wav,1
crackle_505.wav,1
crackle_506.wav,1
crackle_507.wav,1
crackle_508.wav,1
crackle_509.wav,1
crackle_510.wav,1
crackle_511.wav,1
crackle_512.wav,1
crackle_513.wav,1
crackle_514.wav,1
crackle_515.wav,1
crackle_516.wav,1
crackle_517.wav,1
crackle_518.wav,1
crackle_519.wav,1
crackle_520.wav,1
crackle_521.wav,1
crackle_522.wav,1
crackle_523.wav,1
crackle_524.wav,1
crackle_525.wav,1
crackle_526.wav,1
crackle_527.wav,1
crackle_528.wav,1
crackle_529.wav,1
crackle_530.wav,1
crackle_531.wav,1
crackle_532.wav,1
crackle_533.wav,1
crackle_534.wav,1
crackle_535.wav,1
crackle_536.wav,1
crackle_537.wav,1
crackle_538.wav,1
crackle_539.wav,1
crackle_540.wav,1
crackle_541.wav,1
crackle_542.wav,1
crackle_543.wav,1
crackle_544.wav,1
crackle_545.wav,1
crackle_546.wav,1
crackle_547.wav,1
crackle_548.wav,1
crackle_549.wav,1
crackle_550.wav,1
crackle_551.wav,1
crackle_552.wav,1
crackle_553.wav,1
crackle_554.wav,1
crackle_555.wav,1
crackle_556.wav,1
crackle_557.wav,1
crackle_558.wav,1
crackle_559.wav,1
crackle_560.wav,1
crackle_561.wav,1
crackle_562.wav,1
crackle_563.wav,1
crackle_564.wav,1
crackle_565.wav,1
crackle_566.wav,1
crackle_567.wav,1
crackle_568.wav,1
crackle_569.wav,1
crackle_570.wav,1
crackle_571.wav,1
crackle_572.wav,1
crackle_573.wav,1
crackle_574.wav,1
crackle_575.wav,1
crackle_576.wav,1
crackle_577.wav,1
crackle_578.wav,1
crackle_579.wav,1
crackle_580.wav,1
crackle_581.wav,1
crackle_582.wav,1
crackle_583.wav,1
crackle_584.wav,1
crackle_585.wav,1
crackle_586.wav,1
crackle_587.wav,1
crackle_588.wav,1
crackle_589.wav,1
crackle_590.wav,1
crackle_591.wav,1
crackle_592.wav,1
crackle_593.wav,1
crackle_594.wav,1
crackle_595.wav,1
crackle_596.wav,1
crackle_597.wav,1
crackle_598.wav,1
crackle_599.wav,1
crackle_600.wav,1
crackle_601.wav,1
crackle_602.wav,1
crackle_603.wav,1
crackle_604.wav,1
crackle_605.wav,1
crackle_606.wav,1
crackle_607.wav,1
crackle_608.wav,1
crackle_609.wav,1
crackle_610.wav,1
crackle_611.wav,1
crackle_612.wav,1
crackle_613.wav,1
crackle_614.wav,1
crackle_615.wav,1
crackle_616.wav,1
crackle_617.wav,1
crackle_618.wav,1
crackle_619.wav,1
crackle_620.wav,1
crackle_621.wav,1
crackle_622.wav,1
crackle_623.wav,1
crackle_624.wav,1
crackle_625.wav,1
crackle_626.wav,1
crackle_627.wav,1
crackle_628.wav,1
crackle_629.wav,1
crackle_630.wav,1
crackle_631.wav,1
crackle_632.wav,1
crackle_633.wav,1
crackle_634.wav,1
crackle_635.wav,1
crackle_636.wav,1
crackle_637.wav,1
crackle_638.wav,1
crackle_639.wav,1
crackle_640.wav,1
crackle_641.wav,1
crackle_642.wav,1
crackle_643.wav,1
crackle_644.wav,1
crackle_645.wav,1
crackle_646.wav,1
crackle_647.wav,1
crackle_648.wav,1
crackle_649.wav,1
crackle_650.wav,1
crackle_651.wav,1
crackle_652.wav,1
crackle_653.wav,1
crackle_654.wav,1
crackle_655.wav,1
crackle_656.wav,1
crackle_657.wav,1
crackle_658.wav,1
crackle_659.wav,1
crackle_660.wav,1
crackle_661.wav,1
crackle_662.wav,1
crackle_663.wav,1
crackle_664.wav,1
crackle_665.wav,1
crackle_666.wav,1
crackle_667.wav,1
crackle_668.wav,1
crackle_669.wav,1
crackle_670.wav,1
crackle_671.wav,1
crackle_672.wav,1
crackle_673.wav,1
crackle_674.wav,1
crackle_675.wav,1
crackle_676.wav,1
crackle_677.wav,1
crackle_678.wav,1
crackle_679.wav,1
crackle_680.wav,1
crackle_681.wav,1
crackle_682.wav,1
crackle_683.wav,1
crackle_684.wav,1
crackle_685.wav,1
crackle_686.wav,1
crackle_687.wav,1
crackle_688.wav,1
crackle_689.wav,1
crackle_690.wav,1
crackle_691.wav,1
crackle_692.wav,1
crackle_693.wav,1
crackle_694.wav,1
crackle_695.wav,1
crackle_696.wav,1
crackle_697.wav,1
crackle_698.wav,1
crackle_699.wav,1
crackle_700.wav,1
crackle_701.wav,1
crackle_702.wav,1
crackle_703.wav,1
crackle_704.wav,1
crackle_705.wav,1
crackle_706.wav,1
crackle_707.wav,1
crackle_708.wav,1
crackle_709.wav,1
crackle_710.wav,1
crackle_711.wav,1
crackle_712.wav,1
crackle_713.wav,1
crackle_714.wav,1
crackle_715.wav,1
crackle_716.wav,1
crackle_717.wav,1
crackle_718.wav,1
crackle_719.wav,1
crackle_720.wav,1
crackle_721.wav,1
crackle_722.wav,1
crackle_723.wav,1
crackle_724.wav,1
crackle_725.wav,1
crackle_726.wav,1
crackle_727.wav,1
crackle_728.wav,1
crackle_729.wav,1
crackle_730.wav,1
crackle_731.wav,1
crackle_732.wav,1
crackle_733.wav,1
crackle_734.wav,1
crackle_735.wav,1
crackle_736.wav,1
crackle_737.wav,1
crackle_738.wav,1
crackle_739.wav,1
crackle_740.wav,1
crackle_741.wav,1
crackle_742.wav,1
crackle_743.wav,1
crackle_744.wav,1
crackle_745.wav,1
crackle_746.wav,1
crackle_747.wav,1
crackle_748.wav,1
crackle_749.wav,1
crackle_750.wav,1
crackle_751.wav,1
crackle_752.wav,1
crackle_753.wav,1
crackle_754.wav,1
crackle_755.wav,1
crackle_756.wav,1
crackle_757.wav,1
crackle_758.wav,1
crackle_759.wav,1
crackle_760.wav,1
crackle_761.wav,1
crackle_762.wav,1
crackle_763.wav,1
crackle_764.wav,1
crackle_765.wav,1
crackle_766.wav,1
crackle_767.wav,1
crackle_768.wav,1
crackle_769.wav,1
crackle_770.wav,1
crackle_771.wav,1
crackle_772.wav,1
crackle_773.wav,1
crackle_774.wav,1
crackle_775.wav,1
crackle_776.wav,1
crackle_777.wav,1
crackle_778.wav,1
crackle_779.wav,1
crackle_780.wav,1
crackle_781.wav,1
crackle_782.wav,1
crackle_783.wav,1
crackle_784.wav,1
crackle_785.wav,1
crackle_786.wav,1
crackle_787.wav,1
crackle_788.wav,1
crackle_789.wav,1
crackle_790.wav,1
crackle_791.wav,1
crackle_792.wav,1
crackle_793.wav,1
crackle_794.wav,1
crackle_795.wav,1
crackle_796.wav,1
crackle_797.wav,1
crackle_798.wav,1
crackle_799.wav,1
crackle_800.wav,1
crackle_801.wav,1
crackle_802.wav,1
crackle_803.wav,1
crackle_804.wav,1
crackle_805.wav,1
crackle_806.wav,1
crackle_807.wav,1
crackle_808.wav,1
crackle_809.wav,1
crackle_810.wav,1
crackle_811.wav,1
crackle_812.wav,1
crackle_813.wav,1
crackle_814.wav,1
crackle_815.wav,1
crackle_816.wav,1
crackle_817.wav,1
crackle_818.wav,1
crackle_819.wav,1
crackle_820.wav,1
crackle_821.wav,1
crackle_822.wav,1
crackle_823.wav,1
crackle_824.wav,1
crackle_825.wav,1
crackle_826.wav,1
crackle_827.wav,1
crackle_828.wav,1
crackle_829.wav,1
crackle_830.wav,1
crackle_831.wav,1
crackle_832.wav,1
crackle_833.wav,1
crackle_834.wav,1
crackle_835.wav,1
crackle_836.wav,1
crackle_837.wav,1
crackle_838.wav,1
crackle_839.wav,1
crackle_840.wav,1
crackle_841.wav,1
crackle_842.wav,1
crackle_843.wav,1
crackle_844.wav,1
crackle_845.wav,1
crackle_846.wav,1
crackle_847.wav,1
crackle_848.wav,1
crackle_849.wav,1
crackle_850.wav,1
crackle_851.wav,1
crackle_852.wav,1
crackle_853.wav,1
crackle_854.wav,1
crackle_855.wav,1
crackle_856.wav,1
crackle_857.wav,1
crackle_858.wav,1
crackle_859.wav,1
crackle_860.wav,1
crackle_861.wav,1
crackle_862.wav,1
crackle_863.wav,1
crackle_864.wav,1
crackle_865.wav,1
crackle_866.wav,1
crackle_867.wav,1
crackle_868.wav,1
crackle_869.wav,1
crackle_870.wav,1
crackle_871.wav,1
crackle_872.wav,1
crackle_873.wav,1
crackle_874.wav,1
crackle_875.wav,1
crackle_876.wav,1
crackle_877.wav,1
crackle_878.wav,1
crackle_879.wav,1
crackle_880.wav,1
crackle_881.wav,1
crackle_882.wav,1
crackle_883.wav,1
crackle_884.wav,1
crackle_885.wav,1
crackle_886.wav,1
crackle_887.wav,1
crackle_888.wav,1
crackle_889.wav,1
crackle_890.wav,1
crackle_891.wav,1
crackle_892.wav,1
crackle_893.wav,1
crackle_894.wav,1
crackle_895.wav,1
crackle_896.wav,1
crackle_897.wav,1
crackle_898.wav,1
crackle_899.wav,1
crackle_900.wav,1
crackle_901.wav,1
crackle_902.wav,1
crackle_903.wav,1
crackle_904.wav,1
crackle_905.wav,1
crackle_906.wav,1
crackle_907.wav,1
crackle_908.wav,1
crackle_909.wav,1
crackle_910.wav,1
crackle_911.wav,1
crackle_912.wav,1
crackle_913.wav,1
crackle_914.wav,1
crackle_915.wav,1
crackle_916.wav,1
crackle_917.wav,1
crackle_918.wav,1
crackle_919.wav,1
crackle_920.wav,1
crackle_921.wav,1
crackle_922.wav,1
crackle_923.wav,1
crackle_924.wav,1
crackle_925.wav,1
crackle_926.wav,1
crackle_927.wav,1
crackle_928.wav,1
crackle_929.wav,1
crackle_930.wav,1
crackle_931.wav,1
crackle_932.wav,1
crackle_933.wav,1
crackle_934.wav,1
crackle_935.wav,1
crackle_936.wav,1
crackle_937.wav,1
crackle_938.wav,1
crackle_939.wav,1
crackle_940.wav,1
crackle_941.wav,1
crackle_942.wav,1
crackle_943.wav,1
crackle_944.wav,1
crackle_945.wav,1
crackle_946.wav,1
crackle_947.wav,1
crackle_948.wav,1
crackle_949.wav,1
crackle_950.wav,1
crackle_951.wav,1
crackle_952.wav,1
crackle_953.wav,1
crackle_954.wav,1
crackle_955.wav,1
crackle_956.wav,1
crackle_957.wav,1
crackle_958.wav,1
crackle_959.wav,1
crackle_960.wav,1
crackle_961.wav,1
crackle_962.wav,1
crackle_963.wav,1
crackle_964.wav,1
crackle_965.wav,1
crackle_966.wav,1
crackle_967.wav,1
crackle_968.wav,1
crackle_969.wav,1
crackle_970.wav,1
crackle_971.wav,1
crackle_972.wav,1
crackle_973.wav,1
crackle_974.wav,1
crackle_975.wav,1
crackle_976.wav,1
crackle_977.wav,1
crackle_978.wav,1
crackle_979.wav,1
crackle_980.wav,1
crackle_981.wav,1
crackle_982.wav,1
crackle_983.wav,1
crackle_984.wav,1
crackle_985.wav,1
crackle_986.wav,1
crackle_987.wav,1
crackle_988.wav,1
crackle_989.wav,1
crackle_990.wav,1
crackle_991.wav,1
crackle_992.wav,1
crackle_993.wav,1
crackle_994.wav,1
crackle_995.wav,1
crackle_996.wav,1
crackle_997.wav,1
crackle_998.wav,1
crackle_999.wav,1
crackle_1000.wav,1
crackle_1001.wav,1
crackle_1002.wav,1
crackle_1003.wav,1
crackle_1004.wav,1
crackle_1005.wav,1
crackle_1006.wav,1
crackle_1007.wav,1
crackle_1008.wav,1
crackle_1009.wav,1
crackle_1010.wav,1
crackle_1011.wav,1
crackle_1012.wav,1
crackle_1013.wav,1
crackle_1014.wav,1
crackle_1015.wav,1
crackle_1016.wav,1
crackle_1017.wav,1
crackle_1018.wav,1
crackle_1019.wav,1
crackle_1020.wav,1
crackle_1021.wav,1
crackle_1022.wav,1
crackle_1023.wav,1
crackle_1024.wav,1
crackle_1025.wav,1
crackle_1026.wav,1
crackle_1027.wav,1
crackle_1028.wav,1
crackle_1029.wav,1
crackle_1030.wav,1
crackle_1031.wav,1
crackle_1032.wav,1
crackle_1033.wav,1
crackle_1034.wav,1
crackle_1035.wav,1
crackle_1036.wav,1
crackle_1037.wav,1
crackle_1038.wav,1
crackle_1039.wav,1
crackle_1040.wav,1
crackle_1041.wav,1
crackle_1042.wav,1
crackle_1043.wav,1
crackle_1044.wav,1
crackle_1045.wav,1
crackle_1046.wav,1
crackle_1047.wav,1
crackle_1048.wav,1
crackle_1049.wav,1
crackle_1050.wav,1
crackle_1051.wav,1
crackle_1052.wav,1
crackle_1053.wav,1
crackle_1054.wav,1
crackle_1055.wav,1
crackle_1056.wav,1
crackle_1057.wav,1
crackle_1058.wav,1
crackle_1059.wav,1
crackle_1060.wav,1
crackle_1061.wav,1
crackle_1062.wav,1
crackle_1063.wav,1
crackle_1064.wav,1
crackle_1065.wav,1
crackle_1066.wav,1
crackle_1067.wav,1
crackle_1068.wav,1
crackle_1069.wav,1
crackle_1070.wav,1
crackle_1071.wav,1
crackle_1072.wav,1
crackle_1073.wav,1
crackle_1074.wav,1
crackle_1075.wav,1
crackle_1076.wav,1
crackle_1077.wav,1
crackle_1078.wav,1
crackle_1079.wav,1
crackle_1080.wav,1
crackle_1081.wav,1
crackle_1082.wav,1
crackle_1083.wav,1
crackle_1084.wav,1
crackle_1085.wav,1
crackle_1086.wav,1
crackle_1087.wav,1
crackle_1088.wav,1
crackle_1089.wav,1
crackle_1090.wav,1
crackle_1091.wav,1
crackle_1092.wav,1
crackle_1093.wav,1
crackle_1094.wav,1
crackle_1095.wav,1
crackle_1096.wav,1
crackle_1097.wav,1
crackle_1098.wav,1
crackle_1099.wav,1
crackle_1100.wav,1
crackle_1101.wav,1
crackle_1102.wav,1
crackle_1103.wav,1
crackle_1104.wav,1
crackle_1105.wav,1
crackle_1106.wav,1
crackle_1107.wav,1
crackle_1108.wav,1
crackle_1109.wav,1
crackle_1110.wav,1
crackle_1111.wav,1
crackle_1112.wav,1
crackle_1113.wav,1
crackle_1114.wav,1
crackle_1115.wav,1
crackle_1116.wav,1
crackle_1117.wav,1
crackle_1118.wav,1
crackle_1119.wav,1
crackle_1120.wav,1
crackle_1121.wav,1
crackle_1122.wav,1
crackle_1123.wav,1
crackle_1124.wav,1
crackle_1125.wav,1
crackle_1126.wav,1
crackle_1127.wav,1
crackle_1128.wav,1
crackle_1129.wav,1
crackle_1130.wav,1
crackle_1131.wav,1
crackle_1132.wav,1
crackle_1133.wav,1
crackle_1134.wav,1
crackle_1135.wav,1
crackle_1136.wav,1
crackle_1137.wav,1
crackle_1138.wav,1
crackle_1139.wav,1
crackle_1140.wav,1
crackle_1141.wav,1
crackle_1142.wav,1
crackle_1143.wav,1
crackle_1144.wav,1
crackle_1145.wav,1
crackle_1146.wav,1
crackle_1147.wav,1
crackle_1148.wav,1
crackle_1149.wav,1
crackle_1150.wav,1
crackle_1151.wav,1
crackle_1152.wav,1
crackle_1153.wav,1
crackle_1154.wav,1
crackle_1155.wav,1
crackle_1156.wav,1
crackle_1157.wav,1
crackle_1158.wav,1
crackle_1159.wav,1
crackle_1160.wav,1
crackle_1161.wav,1
crackle_1162.wav,1
crackle_1163.wav,1
crackle_1164.wav,1
crackle_1165.wav,1
crackle_1166.wav,1
crackle_1167.wav,1
crackle_1168.wav,1
crackle_1169.wav,1
crackle_1170.wav,1
crackle_1171.wav,1
crackle_1172.wav,1
crackle_1173.wav,1
crackle_1174.wav,1
crackle_1175.wav,1
crackle_1176.wav,1
crackle_1177.wav,1
crackle_1178.wav,1
crackle_1179.wav,1
crackle_1180.wav,1
crackle_1181.wav,1
crackle_1182.wav,1
crackle_1183.wav,1
crackle_1184.wav,1
crackle_1185.wav,1
crackle_1186.wav,1
crackle_1187.wav,1
crackle_1188.wav,1
crackle_1189.wav,1
crackle_1190.wav,1
crackle_1191.wav,1
crackle_1192.wav,1
crackle_1193.wav,1
crackle_1194.wav,1
crackle_1195.wav,1
crackle_1196.wav,1
crackle_1197.wav,1
crackle_1198.wav,1
crackle_1199.wav,1
crackle_1200.wav,1
crackle_1201.wav,1
crackle_1202.wav,1
crackle_1203.wav,1
crackle_1204.wav,1
crackle_1205.wav,1
crackle_1206.wav,1
crackle_1207.wav,1
crackle_1208.wav,1
crackle_1209.wav,1
crackle_1210.wav,1
crackle_1211.wav,1
crackle_1212.wav,1
crackle_1213.wav,1
crackle_1214.wav,1
wheeze_0.wav,2
wheeze_1.wav,2
wheeze_2.wav,2
wheeze_3.wav,2
wheeze_4.wav,2
wheeze_5.wav,2
wheeze_6.wav,2
wheeze_7.wav,2
wheeze_8.wav,2
wheeze_9.wav,2
wheeze_10.wav,2
wheeze_11.wav,2
wheeze_12.wav,2
wheeze_13.wav,2
wheeze_14.wav,2
wheeze_15.wav,2
wheeze_16.wav,2
wheeze_17.wav,2
wheeze_18.wav,2
wheeze_19.wav,2
wheeze_20.wav,2
wheeze_21.wav,2
wheeze_22.wav,2
wheeze_23.wav,2
wheeze_24.wav,2
wheeze_25.wav,2
wheeze_26.wav,2
wheeze_27.wav,2
wheeze_28.wav,2
wheeze_29.wav,2
wheeze_30.wav,2
wheeze_31.wav,2
wheeze_32.wav,2
wheeze_33.wav,2
wheeze_34.wav,2
wheeze_35.wav,2
wheeze_36.wav,2
wheeze_37.wav,2
wheeze_38.wav,2
wheeze_39.wav,2
wheeze_40.wav,2
wheeze_41.wav,2
wheeze_42.wav,2
wheeze_43.wav,2
wheeze_44.wav,2
wheeze_45.wav,2
wheeze_46.wav,2
wheeze_47.wav,2
wheeze_48.wav,2
wheeze_49.wav,2
wheeze_50.wav,2
wheeze_51.wav,2
wheeze_52.wav,2
wheeze_53.wav,2
wheeze_54.wav,2
wheeze_55.wav,2
wheeze_56.wav,2
wheeze_57.wav,2
wheeze_58.wav,2
wheeze_59.wav,2
wheeze_60.wav,2
wheeze_61.wav,2
wheeze_62.wav,2
wheeze_63.wav,2
wheeze_64.wav,2
wheeze_65.wav,2
wheeze_66.wav,2
wheeze_67.wav,2
wheeze_68.wav,2
wheeze_69.wav,2
wheeze_70.wav,2
wheeze_71.wav,2
wheeze_72.wav,2
wheeze_73.wav,2
wheeze_74.wav,2
wheeze_75.wav,2
wheeze_76.wav,2
wheeze_77.wav,2
wheeze_78.wav,2
wheeze_79.wav,2
wheeze_80.wav,2
wheeze_81.wav,2
wheeze_82.wav,2
wheeze_83.wav,2
wheeze_84.wav,2
wheeze_85.wav,2
wheeze_86.wav,2
wheeze_87.wav,2
wheeze_88.wav,2
wheeze_89.wav,2
wheeze_90.wav,2
wheeze_91.wav,2
wheeze_92.wav,2
wheeze_93.wav,2
wheeze_94.wav,2
wheeze_95.wav,2
wheeze_96.wav,2
wheeze_97.wav,2
wheeze_98.wav,2
wheeze_99.wav,2
wheeze_100.wav,2
wheeze_101.wav,2
wheeze_102.wav,2
wheeze_103.wav,2
wheeze_104.wav,2
wheeze_105.wav,2
wheeze_106.wav,2
wheeze_107.wav,2
wheeze_108.wav,2
wheeze_109.wav,2
wheeze_110.wav,2
wheeze_111.wav,2
wheeze_112.wav,2
wheeze_113.wav,2
wheeze_114.wav,2
wheeze_115.wav,2
wheeze_116.wav,2
wheeze_117.wav,2
wheeze_118.wav,2
wheeze_119.wav,2
wheeze_120.wav,2
wheeze_121.wav,2
wheeze_122.wav,2
wheeze_123.wav,2
wheeze_124.wav,2
wheeze_125.wav,2
wheeze_126.wav,2
wheeze_127.wav,2
wheeze_128.wav,2
wheeze_129.wav,2
wheeze_130.wav,2
wheeze_131.wav,2
wheeze_132.wav,2
wheeze_133.wav,2
wheeze_134.wav,2
wheeze_135.wav,2
wheeze_136.wav,2
wheeze_137.wav,2
wheeze_138.wav,2
wheeze_139.wav,2
wheeze_140.wav,2
wheeze_141.wav,2
wheeze_142.wav,2
wheeze_143.wav,2
wheeze_144.wav,2
wheeze_145.wav,2
wheeze_146.wav,2
wheeze_147.wav,2
wheeze_148.wav,2
wheeze_149.wav,2
wheeze_150.wav,2
wheeze_151.wav,2
wheeze_152.wav,2
wheeze_153.wav,2
wheeze_154.wav,2
wheeze_155.wav,2
wheeze_156.wav,2
wheeze_157.wav,2
wheeze_158.wav,2
wheeze_159.wav,2
wheeze_160.wav,2
wheeze_161.wav,2
wheeze_162.wav,2
wheeze_163.wav,2
wheeze_164.wav,2
wheeze_165.wav,2
wheeze_166.wav,2
wheeze_167.wav,2
wheeze_168.wav,2
wheeze_169.wav,2
wheeze_170.wav,2
wheeze_171.wav,2
wheeze_172.wav,2
wheeze_173.wav,2
wheeze_174.wav,2
wheeze_175.wav,2
wheeze_176.wav,2
wheeze_177.wav,2
wheeze_178.wav,2
wheeze_179.wav,2
wheeze_180.wav,2
wheeze_181.wav,2
wheeze_182.wav,2
wheeze_183.wav,2
wheeze_184.wav,2
wheeze_185.wav,2
wheeze_186.wav,2
wheeze_187.wav,2
wheeze_188.wav,2
wheeze_189.wav,2
wheeze_190.wav,2
wheeze_191.wav,2
wheeze_192.wav,2
wheeze_193.wav,2
wheeze_194.wav,2
wheeze_195.wav,2
wheeze_196.wav,2
wheeze_197.wav,2
wheeze_198.wav,2
wheeze_199.wav,2
wheeze_200.wav,2
wheeze_201.wav,2
wheeze_202.wav,2
wheeze_203.wav,2
wheeze_204.wav,2
wheeze_205.wav,2
wheeze_206.wav,2
wheeze_207.wav,2
wheeze_208.wav,2
wheeze_209.wav,2
wheeze_210.wav,2
wheeze_211.wav,2
wheeze_212.wav,2
wheeze_213.wav,2
wheeze_214.wav,2
wheeze_215.wav,2
wheeze_216.wav,2
wheeze_217.wav,2
wheeze_218.wav,2
wheeze_219.wav,2
wheeze_220.wav,2
wheeze_221.wav,2
wheeze_222.wav,2
wheeze_223.wav,2
wheeze_224.wav,2
wheeze_225.wav,2
wheeze_226.wav,2
wheeze_227.wav,2
wheeze_228.wav,2
wheeze_229.wav,2
wheeze_230.wav,2
wheeze_231.wav,2
wheeze_232.wav,2
wheeze_233.wav,2
wheeze_234.wav,2
wheeze_235.wav,2
wheeze_236.wav,2
wheeze_237.wav,2
wheeze_238.wav,2
wheeze_239.wav,2
wheeze_240.wav,2
wheeze_241.wav,2
wheeze_242.wav,2
wheeze_243.wav,2
wheeze_244.wav,2
wheeze_245.wav,2
wheeze_246.wav,2
wheeze_247.wav,2
wheeze_248.wav,2
wheeze_249.wav,2
wheeze_250.wav,2
wheeze_251.wav,2
wheeze_252.wav,2
wheeze_253.wav,2
wheeze_254.wav,2
wheeze_255.wav,2
wheeze_256.wav,2
wheeze_257.wav,2
wheeze_258.wav,2
wheeze_259.wav,2
wheeze_260.wav,2
wheeze_261.wav,2
wheeze_262.wav,2
wheeze_263.wav,2
wheeze_264.wav,2
wheeze_265.wav,2
wheeze_266.wav,2
wheeze_267.wav,2
wheeze_268.wav,2
wheeze_269.wav,2
wheeze_270.wav,2
wheeze_271.wav,2
wheeze_272.wav,2
wheeze_273.wav,2
wheeze_274.wav,2
wheeze_275.wav,2
wheeze_276.wav,2
wheeze_277.wav,2
wheeze_278.wav,2
wheeze_279.wav,2
wheeze_280.wav,2
wheeze_281.wav,2
wheeze_282.wav,2
wheeze_283.wav,2
wheeze_284.wav,2
wheeze_285.wav,2
wheeze_286.wav,2
wheeze_287.wav,2
wheeze_288.wav,2
wheeze_289.wav,2
wheeze_290.wav,2
wheeze_291.wav,2
wheeze_292.wav,2
wheeze_293.wav,2
wheeze_294.wav,2
wheeze_295.wav,2
wheeze_296.wav,2
wheeze_297.wav,2
wheeze_298.wav,2
wheeze_299.wav,2
wheeze_300.wav,2
wheeze_301.wav,2
wheeze_302.wav,2
wheeze_303.wav,2
wheeze_304.wav,2
wheeze_305.wav,2
wheeze_306.wav,2
wheeze_307.wav,2
wheeze_308.wav,2
wheeze_309.wav,2
wheeze_310.wav,2
wheeze_311.wav,2
wheeze_312.wav,2
wheeze_313.wav,2
wheeze_314.wav,2
wheeze_315.wav,2
wheeze_316.wav,2
wheeze_317.wav,2
wheeze_318.wav,2
wheeze_319.wav,2
wheeze_320.wav,2
wheeze_321.wav,2
wheeze_322.wav,2
wheeze_323.wav,2
wheeze_324.wav,2
wheeze_325.wav,2
wheeze_326.wav,2
wheeze_327.wav,2
wheeze_328.wav,2
wheeze_329.wav,2
wheeze_330.wav,2
wheeze_331.wav,2
wheeze_332.wav,2
wheeze_333.wav,2
wheeze_334.wav,2
wheeze_335.wav,2
wheeze_336.wav,2
wheeze_337.wav,2
wheeze_338.wav,2
wheeze_339.wav,2
wheeze_340.wav,2
wheeze_341.wav,2
wheeze_342.wav,2
wheeze_343.wav,2
wheeze_344.wav,2
wheeze_345.wav,2
wheeze_346.wav,2
wheeze_347.wav,2
wheeze_348.wav,2
wheeze_349.wav,2
wheeze_350.wav,2
wheeze_351.wav,2
wheeze_352.wav,2
wheeze_353.wav,2
wheeze_354.wav,2
wheeze_355.wav,2
wheeze_356.wav,2
wheeze_357.wav,2
wheeze_358.wav,2
wheeze_359.wav,2
wheeze_360.wav,2
wheeze_361.wav,2
wheeze_362.wav,2
wheeze_363.wav,2
wheeze_364.wav,2
wheeze_365.wav,2
wheeze_366.wav,2
wheeze_367.wav,2
wheeze_368.wav,2
wheeze_369.wav,2
wheeze_370.wav,2
wheeze_371.wav,2
wheeze_372.wav,2
wheeze_373.wav,2
wheeze_374.wav,2
wheeze_375.wav,2
wheeze_376.wav,2
wheeze_377.wav,2
wheeze_378.wav,2
wheeze_379.wav,2
wheeze_380.wav,2
wheeze_381.wav,2
wheeze_382.wav,2
wheeze_383.wav,2
wheeze_384.wav,2
wheeze_385.wav,2
wheeze_386.wav,2
wheeze_387.wav,2
wheeze_388.wav,2
wheeze_389.wav,2
wheeze_390.wav,2
wheeze_391.wav,2
wheeze_392.wav,2
wheeze_393.wav,2
wheeze_394.wav,2
wheeze_395.wav,2
wheeze_396.wav,2
wheeze_397.wav,2
wheeze_398.wav,2
wheeze_399.wav,2
wheeze_400.wav,2
wheeze_401.wav,2
wheeze_402.wav,2
wheeze_403.wav,2
wheeze_404.wav,2
wheeze_405.wav,2
wheeze_406.wav,2
wheeze_407.wav,2
wheeze_408.wav,2
wheeze_409.wav,2
wheeze_410.wav,2
wheeze_411.wav,2
wheeze_412.wav,2
wheeze_413.wav,2
wheeze_414.wav,2
wheeze_415.wav,2
wheeze_416.wav,2
wheeze_417.wav,2
wheeze_418.wav,2
wheeze_419.wav,2
wheeze_420.wav,2
wheeze_421.wav,2
wheeze_422.wav,2
wheeze_423.wav,2
wheeze_424.wav,2
wheeze_425.wav,2
wheeze_426.wav,2
wheeze_427.wav,2
wheeze_428.wav,2
wheeze_429.wav,2
wheeze_430.wav,2
wheeze_431.wav,2
wheeze_432.wav,2
wheeze_433.wav,2
wheeze_434.wav,2
wheeze_435.wav,2
wheeze_436.wav,2
wheeze_437.wav,2
wheeze_438.wav,2
wheeze_439.wav,2
wheeze_440.wav,2
wheeze_441.wav,2
wheeze_442.wav,2
wheeze_443.wav,2
wheeze_444.wav,2
wheeze_445.wav,2
wheeze_446.wav,2
wheeze_447.wav,2
wheeze_448.wav,2
wheeze_449.wav,2
wheeze_450.wav,2
wheeze_451.wav,2
wheeze_452.wav,2
wheeze_453.wav,2
wheeze_454.wav,2
wheeze_455.wav,2
wheeze_456.wav,2
wheeze_457.wav,2
wheeze_458.wav,2
wheeze_459.wav,2
wheeze_460.wav,2
wheeze_461.wav,2
wheeze_462.wav,2
wheeze_463.wav,2
wheeze_464.wav,2
wheeze_465.wav,2
wheeze_466.wav,2
wheeze_467.wav,2
wheeze_468.wav,2
wheeze_469.wav,2
wheeze_470.wav,2
wheeze_471.wav,2
wheeze_472.wav,2
wheeze_473.wav,2
wheeze_474.wav,2
wheeze_475.wav,2
wheeze_476.wav,2
wheeze_477.wav,2
wheeze_478.wav,2
wheeze_479.wav,2
wheeze_480.wav,2
wheeze_481.wav,2
wheeze_482.wav,2
wheeze_483.wav,2
wheeze_484.wav,2
wheeze_485.wav,2
wheeze_486.wav,2
wheeze_487.wav,2
wheeze_488.wav,2
wheeze_489.wav,2
wheeze_490.wav,2
wheeze_491.wav,2
wheeze_492.wav,2
wheeze_493.wav,2
wheeze_494.wav,2
wheeze_495.wav,2
wheeze_496.wav,2
wheeze_497.wav,2
wheeze_498.wav,2
wheeze_499.wav,2
wheeze_500.wav,2
c_w_0.wav,3
c_w_1.wav,3
c_w_2.wav,3
c_w_3.wav,3
c_w_4.wav,3
c_w_5.wav,3
c_w_6.wav,3
c_w_7.wav,3
c_w_8.wav,3
c_w_9.wav,3
c_w_10.wav,3
c_w_11.wav,3
c_w_12.wav,3
c_w_13.wav,3
c_w_14.wav,3
c_w_15.wav,3
c_w_16.wav,3
c_w_17.wav,3
c_w_18.wav,3
c_w_19.wav,3
c_w_20.wav,3
c_w_21.wav,3
c_w_22.wav,3
c_w_23.wav,3
c_w_24.wav,3
c_w_25.wav,3
c_w_26.wav,3
c_w_27.wav,3
c_w_28.wav,3
c_w_29.wav,3
c_w_30.wav,3
c_w_31.wav,3
c_w_32.wav,3
c_w_33.wav,3
c_w_34.wav,3
c_w_35.wav,3
c_w_36.wav,3
c_w_37.wav,3
c_w_38.wav,3
c_w_39.wav,3
c_w_40.wav,3
c_w_41.wav,3
c_w_42.wav,3
c_w_43.wav,3
c_w_44.wav,3
c_w_45.wav,3
c_w_46.wav,3
c_w_47.wav,3
c_w_48.wav,3
c_w_49.wav,3
c_w_50.wav,3
c_w_51.wav,3
c_w_52.wav,3
c_w_53.wav,3
c_w_54.wav,3
c_w_55.wav,3
c_w_56.wav,3
c_w_57.wav,3
c_w_58.wav,3
c_w_59.wav,3
c_w_60.wav,3
c_w_61.wav,3
c_w_62.wav,3
c_w_63.wav,3
c_w_64.wav,3
c_w_65.wav,3
c_w_66.wav,3
c_w_67.wav,3
c_w_68.wav,3
c_w_69.wav,3
c_w_70.wav,3
c_w_71.wav,3
c_w_72.wav,3
c_w_73.wav,3
c_w_74.wav,3
c_w_75.wav,3
c_w_76.wav,3
c_w_77.wav,3
c_w_78.wav,3
c_w_79.wav,3
c_w_80.wav,3
c_w_81.wav,3
c_w_82.wav,3
c_w_83.wav,3
c_w_84.wav,3
c_w_85.wav,3
c_w_86.wav,3
c_w_87.wav,3
c_w_88.wav,3
c_w_89.wav,3
c_w_90.wav,3
c_w_91.wav,3
c_w_92.wav,3
c_w_93.wav,3
c_w_94.wav,3
c_w_95.wav,3
c_w_96.wav,3
c_w_97.wav,3
c_w_98.wav,3
c_w_99.wav,3
c_w_100.wav,3
c_w_101.wav,3
c_w_102.wav,3
c_w_103.wav,3
c_w_104.wav,3
c_w_105.wav,3
c_w_106.wav,3
c_w_107.wav,3
c_w_108.wav,3
c_w_109.wav,3
c_w_110.wav,3
c_w_111.wav,3
c_w_112.wav,3
c_w_113.wav,3
c_w_114.wav,3
c_w_115.wav,3
c_w_116.wav,3
c_w_117.wav,3
c_w_118.wav,3
c_w_119.wav,3
c_w_120.wav,3
c_w_121.wav,3
c_w_122.wav,3
c_w_123.wav,3
c_w_124.wav,3
c_w_125.wav,3
c_w_126.wav,3
c_w_127.wav,3
c_w_128.wav,3
c_w_129.wav,3
c_w_130.wav,3
c_w_131.wav,3
c_w_132.wav,3
c_w_133.wav,3
c_w_134.wav,3
c_w_135.wav,3
c_w_136.wav,3
c_w_137.wav,3
c_w_138.wav,3
c_w_139.wav,3
c_w_140.wav,3
c_w_141.wav,3
c_w_142.wav,3
c_w_143.wav,3
c_w_144.wav,3
c_w_145.wav,3
c_w_146.wav,3
c_w_147.wav,3
c_w_148.wav,3
c_w_149.wav,3
c_w_150.wav,3
c_w_151.wav,3
c_w_152.wav,3
c_w_153.wav,3
c_w_154.wav,3
c_w_155.wav,3
c_w_156.wav,3
c_w_157.wav,3
c_w_158.wav,3
c_w_159.wav,3
c_w_160.wav,3
c_w_161.wav,3
c_w_162.wav,3
c_w_163.wav,3
c_w_164.wav,3
c_w_165.wav,3
c_w_166.wav,3
c_w_167.wav,3
c_w_168.wav,3
c_w_169.wav,3
c_w_170.wav,3
c_w_171.wav,3
c_w_172.wav,3
c_w_173.wav,3
c_w_174.wav,3
c_w_175.wav,3
c_w_176.wav,3
c_w_177.wav,3
c_w_178.wav,3
c_w_179.wav,3
c_w_180.wav,3
c_w_181.wav,3
c_w_182.wav,3
c_w_183.wav,3
c_w_184.wav,3
c_w_185.wav,3
c_w_186.wav,3
c_w_187.wav,3
c_w_188.wav,3
c_w_189.wav,3
c_w_190.wav,3
c_w_191.wav,3
c_w_192.wav,3
c_w_193.wav,3
c_w_194.wav,3
c_w_195.wav,3
c_w_196.wav,3
c_w_197.wav,3
c_w_198.wav,3
c_w_199.wav,3
c_w_200.wav,3
c_w_201.wav,3
c_w_202.wav,3
c_w_203.wav,3
c_w_204.wav,3
c_w_205.wav,3
c_w_206.wav,3
c_w_207.wav,3
c_w_208.wav,3
c_w_209.wav,3
c_w_210.wav,3
c_w_211.wav,3
c_w_212.wav,3
c_w_213.wav,3
c_w_214.wav,3
c_w_215.wav,3
c_w_216.wav,3
c_w_217.wav,3
c_w_218.wav,3
c_w_219.wav,3
c_w_220.wav,3
c_w_221.wav,3
c_w_222.wav,3
c_w_223.wav,3
c_w_224.wav,3
c_w_225.wav,3
c_w_226.wav,3
c_w_227.wav,3
c_w_228.wav,3
c_w_229.wav,3
c_w_230.wav,3
c_w_231.wav,3
c_w_232.wav,3
c_w_233.wav,3
c_w_234.wav,3
c_w_235.wav,3
c_w_236.wav,3
c_w_237.wav,3
c_w_238.wav,3
c_w_239.wav,3
c_w_240.wav,3
c_w_241.wav,3
c_w_242.wav,3
c_w_243.wav,3
c_w_244.wav,3
c_w_245.wav,3
c_w_246.wav,3
c_w_247.wav,3
c_w_248.wav,3
c_w_249.wav,3
c_w_250.wav,3
c_w_251.wav,3
c_w_252.wav,3
c_w_253.wav,3
c_w_254.wav,3
c_w_255.wav,3
c_w_256.wav,3
c_w_257.wav,3
c_w_258.wav,3
c_w_259.wav,3
c_w_260.wav,3
c_w_261.wav,3
c_w_262.wav,3
c_w_263.wav,3
c_w_264.wav,3
c_w_265.wav,3
c_w_266.wav,3
c_w_267.wav,3
c_w_268.wav,3
c_w_269.wav,3
c_w_270.wav,3
c_w_271.wav,3
c_w_272.wav,3
c_w_273.wav,3
c_w_274.wav,3
c_w_275.wav,3
c_w_276.wav,3
c_w_277.wav,3
c_w_278.wav,3
c_w_279.wav,3
c_w_280.wav,3
c_w_281.wav,3
c_w_282.wav,3
c_w_283.wav,3
c_w_284.wav,3
c_w_285.wav,3
c_w_286.wav,3
c_w_287.wav,3
c_w_288.wav,3
c_w_289.wav,3
c_w_290.wav,3
c_w_291.wav,3
c_w_292.wav,3
c_w_293.wav,3
c_w_294.wav,3
c_w_295.wav,3
c_w_296.wav,3
c_w_297.wav,3
c_w_298.wav,3
c_w_299.wav,3
c_w_300.wav,3
c_w_301.wav,3
c_w_302.wav,3
c_w_303.wav,3
c_w_304.wav,3
c_w_305.wav,3
c_w_306.wav,3
c_w_307.wav,3
c_w_308.wav,3
c_w_309.wav,3
c_w_310.wav,3
c_w_311.wav,3
c_w_312.wav,3
c_w_313.wav,3
c_w_314.wav,3
c_w_315.wav,3
c_w_316.wav,3
c_w_317.wav,3
c_w_318.wav,3
c_w_319.wav,3
c_w_320.wav,3
c_w_321.wav,3
c_w_322.wav,3
c_w_323.wav,3
c_w_324.wav,3
c_w_325.wav,3
c_w_326.wav,3
c_w_327.wav,3
c_w_328.wav,3
c_w_329.wav,3
c_w_330.wav,3
c_w_331.wav,3
c_w_332.wav,3
c_w_333.wav,3
c_w_334.wav,3
c_w_335.wav,3
c_w_336.wav,3
c_w_337.wav,3
c_w_338.wav,3
c_w_339.wav,3
c_w_340.wav,3
c_w_341.wav,3
c_w_342.wav,3
c_w_343.wav,3
c_w_344.wav,3
c_w_345.wav,3
c_w_346.wav,3
c_w_347.wav,3
c_w_348.wav,3
c_w_349.wav,3
c_w_350.wav,3
c_w_351.wav,3
c_w_352.wav,3
c_w_353.wav,3
c_w_354.wav,3
c_w_355.wav,3
c_w_356.wav,3
c_w_357.wav,3
c_w_358.wav,3
c_w_359.wav,3
c_w_360.wav,3
c_w_361.wav,3
c_w_362.wav,3
